Date,Minutes Watched,Unique Viewers,Average Viewers,Follows,Chatters,Minutes Streamed,Live Views,Max Viewers,Hosts and Raids Viewers (%),Chat Messages,Clips Created,Clip Views
Sat Dec 31 2016,0,0,0,0,0,0,0,0,0,0,0,0
Sun Jan 01 2017,0,0,0,0,0,0,0,0,0,0,0,0
Mon Jan 02 2017,0,0,0,0,0,0,0,0,0,0,0,0
Tue Jan 03 2017,0,0,0,0,0,0,0,0,0,0,0,0
Wed Jan 04 2017,0,0,0,0,0,0,0,0,0,0,0,0
Thu Jan 05 2017,0,0,0,0,0,0,0,0,0,0,0,0
Fri Jan 06 2017,0,0,0,0,0,0,0,0,0,0,0,0
Sat Jan 07 2017,0,0,0,0,0,0,0,0,0,0,0,0
Sun Jan 08 2017,0,0,0,0,0,0,0,0,0,0,0,0
Mon Jan 09 2017,0,0,0,0,0,0,0,0,0,0,0,0
Tue Jan 10 2017,0,0,0,0,0,0,0,0,0,0,0,0
Wed Jan 11 2017,0,0,0,0,0,0,0,0,0,0,0,0
Thu Jan 12 2017,0,0,0,0,0,0,0,0,0,0,0,0
Fri Jan 13 2017,0,0,0,0,0,0,0,0,0,0,0,0
Sat Jan 14 2017,0,0,0,0,0,0,0,0,0,0,0,0
Sun Jan 15 2017,0,0,0,0,0,0,0,0,0,0,0,0
Mon Jan 16 2017,0,0,0,0,0,0,0,0,0,0,0,0
Tue Jan 17 2017,0,0,0,0,0,0,0,0,0,0,0,0
Wed Jan 18 2017,0,0,0,0,0,0,0,0,0,0,0,0
Thu Jan 19 2017,0,0,0,0,0,0,0,0,0,0,0,0
Fri Jan 20 2017,0,0,0,0,0,0,0,0,0,0,0,0
Sat Jan 21 2017,0,0,0,0,0,0,0,0,0,0,0,0
Sun Jan 22 2017,0,0,0,0,0,0,0,0,0,0,0,0
Mon Jan 23 2017,0,0,0,0,0,0,0,0,0,0,0,0
Tue Jan 24 2017,0,0,0,0,0,0,0,0,0,0,0,0
Wed Jan 25 2017,0,0,0,0,0,0,0,0,0,0,0,0
Thu Jan 26 2017,0,0,0,0,0,0,0,0,0,0,0,0
Fri Jan 27 2017,0,0,0,0,0,0,0,0,0,0,0,0
Sat Jan 28 2017,0,0,0,0,0,0,0,0,0,0,0,0
Sun Jan 29 2017,0,0,0,0,0,0,0,0,0,0,0,0
Mon Jan 30 2017,0,0,0,0,0,0,0,0,0,0,0,0
Tue Jan 31 2017,0,0,0,0,0,0,0,0,0,0,0,0
Wed Feb 01 2017,0,0,0,0,0,0,0,0,0,0,0,0
Thu Feb 02 2017,0,0,0,0,0,0,0,0,0,0,0,0
Fri Feb 03 2017,0,0,0,0,0,0,0,0,0,0,0,0
Sat Feb 04 2017,0,0,0,0,0,0,0,0,0,0,0,0
Sun Feb 05 2017,0,0,0,0,0,0,0,0,0,0,0,0
Mon Feb 06 2017,0,0,0,0,0,0,0,0,0,0,0,0
Tue Feb 07 2017,0,0,0,0,0,0,0,0,0,0,0,0
Wed Feb 08 2017,0,0,0,0,0,0,0,0,0,0,0,0
Thu Feb 09 2017,0,0,0,0,0,0,0,0,0,0,0,0
Fri Feb 10 2017,0,0,0,0,0,0,0,0,0,0,0,0
Sat Feb 11 2017,0,0,0,0,0,0,0,0,0,0,0,0
Sun Feb 12 2017,0,0,0,0,0,0,0,0,0,0,0,0
Mon Feb 13 2017,0,0,0,0,0,0,0,0,0,0,0,0
Tue Feb 14 2017,0,0,0,0,0,0,0,0,0,0,0,0
Wed Feb 15 2017,0,0,0,0,0,0,0,0,0,0,0,0
Thu Feb 16 2017,0,0,0,0,0,0,0,0,0,0,0,0
Fri Feb 17 2017,0,0,0,0,0,0,0,0,0,0,0,0
Sat Feb 18 2017,0,0,0,0,0,0,0,0,0,0,0,0
Sun Feb 19 2017,0,0,0,0,0,0,0,0,0,0,0,0
Mon Feb 20 2017,0,0,0,0,0,0,0,0,0,0,0,0
Tue Feb 21 2017,0,0,0,0,0,0,0,0,0,0,0,0
Wed Feb 22 2017,0,0,0,0,0,0,0,0,0,0,0,0
Thu Feb 23 2017,0,0,0,0,0,0,0,0,0,0,0,0
Fri Feb 24 2017,0,0,0,0,0,0,0,0,0,0,0,0
Sat Feb 25 2017,0,0,0,0,0,0,0,0,0,0,0,0
Sun Feb 26 2017,0,0,0,0,0,0,0,0,0,0,0,0
Mon Feb 27 2017,0,0,0,0,0,0,0,0,0,0,0,0
Tue Feb 28 2017,0,0,0,0,0,0,0,0,0,0,0,0
Wed Mar 01 2017,0,0,0,0,0,0,0,0,0,0,0,0
Thu Mar 02 2017,0,0,0,0,0,0,0,0,0,0,0,0
Fri Mar 03 2017,0,0,0,0,0,0,0,0,0,0,0,0
Sat Mar 04 2017,0,0,0,0,0,0,0,0,0,0,0,0
Sun Mar 05 2017,0,0,0,0,0,0,0,0,0,0,0,0
Mon Mar 06 2017,0,0,0,0,0,0,0,0,0,0,0,0
Tue Mar 07 2017,0,0,0,0,0,0,0,0,0,0,0,0
Wed Mar 08 2017,0,0,0,0,0,0,0,0,0,0,0,0
Thu Mar 09 2017,0,0,0,0,0,0,0,0,0,0,0,0
Fri Mar 10 2017,0,0,0,0,0,0,0,0,0,0,0,0
Sat Mar 11 2017,0,0,0,0,0,0,0,0,0,0,0,0
Sun Mar 12 2017,0,0,0,0,0,0,0,0,0,0,0,0
Mon Mar 13 2017,0,0,0,0,0,0,0,0,0,0,0,0
Tue Mar 14 2017,0,0,0,0,0,0,0,0,0,0,0,0
Wed Mar 15 2017,0,0,0,0,0,0,0,0,0,0,0,0
Thu Mar 16 2017,0,0,0,0,0,0,0,0,0,0,0,0
Fri Mar 17 2017,0,0,0,0,0,0,0,0,0,0,0,0
Sat Mar 18 2017,0,0,0,0,0,0,0,0,0,0,0,0
Sun Mar 19 2017,0,0,0,0,0,0,0,0,0,0,0,0
Mon Mar 20 2017,0,0,0,0,0,0,0,0,0,0,0,0
Tue Mar 21 2017,0,0,0,0,0,0,0,0,0,0,0,0
Wed Mar 22 2017,0,0,0,0,0,0,0,0,0,0,0,0
Thu Mar 23 2017,0,0,0,0,0,0,0,0,0,0,0,0
Fri Mar 24 2017,0,0,0,0,0,0,0,0,0,0,0,0
Sat Mar 25 2017,0,0,0,0,0,0,0,0,0,0,0,0
Sun Mar 26 2017,0,0,0,0,0,0,0,0,0,0,0,0
Mon Mar 27 2017,0,0,0,0,0,0,0,0,0,0,0,0
Tue Mar 28 2017,0,0,0,0,0,0,0,0,0,0,0,0
Wed Mar 29 2017,0,0,0,0,0,0,0,0,0,0,0,0
Thu Mar 30 2017,0,0,0,0,0,0,0,0,0,0,0,0
Fri Mar 31 2017,0,0,0,0,0,0,0,0,0,0,0,0
Sat Apr 01 2017,0,0,0,0,0,0,0,0,0,0,0,0
Sun Apr 02 2017,0,0,0,0,0,0,0,0,0,0,0,0
Mon Apr 03 2017,0,0,0,0,0,0,0,0,0,0,0,0
Tue Apr 04 2017,0,0,0,0,0,0,0,0,0,0,0,0
Wed Apr 05 2017,0,0,0,0,0,0,0,0,0,0,0,0
Thu Apr 06 2017,0,0,0,0,0,0,0,0,0,0,0,0
Fri Apr 07 2017,0,0,0,0,0,0,0,0,0,0,0,0
Sat Apr 08 2017,0,0,0,0,0,0,0,0,0,0,0,0
Sun Apr 09 2017,0,0,0,0,0,0,0,0,0,0,0,0
Mon Apr 10 2017,0,0,0,0,0,0,0,0,0,0,0,0
Tue Apr 11 2017,0,0,0,0,0,0,0,0,0,0,0,0
Wed Apr 12 2017,0,0,0,0,0,0,0,0,0,0,0,0
Thu Apr 13 2017,0,0,0,0,0,0,0,0,0,0,0,0
Fri Apr 14 2017,0,0,0,0,0,0,0,0,0,0,0,0
Sat Apr 15 2017,0,0,0,0,0,0,0,0,0,0,0,0
Sun Apr 16 2017,0,0,0,0,0,0,0,0,0,0,0,0
Mon Apr 17 2017,0,0,0,0,0,0,0,0,0,0,0,0
Tue Apr 18 2017,0,0,0,0,0,0,0,0,0,0,0,0
Wed Apr 19 2017,0,0,0,0,0,0,0,0,0,0,0,0
Thu Apr 20 2017,0,0,0,0,0,0,0,0,0,0,0,0
Fri Apr 21 2017,0,0,0,0,0,0,0,0,0,0,0,0
Sat Apr 22 2017,0,0,0,0,0,0,0,0,0,0,0,0
Sun Apr 23 2017,0,0,0,0,0,0,0,0,0,0,0,0
Mon Apr 24 2017,0,0,0,0,0,0,0,0,0,0,0,0
Tue Apr 25 2017,0,0,0,0,0,0,0,0,0,0,0,0
Wed Apr 26 2017,0,0,0,0,0,0,0,0,0,0,0,0
Thu Apr 27 2017,0,0,0,0,0,0,0,0,0,0,0,0
Fri Apr 28 2017,0,0,0,0,0,0,0,0,0,0,0,0
Sat Apr 29 2017,0,0,0,0,0,0,0,0,0,0,0,0
Sun Apr 30 2017,0,0,0,0,0,0,0,0,0,0,0,0
Mon May 01 2017,0,0,0,0,0,0,0,0,0,0,0,0
Tue May 02 2017,0,0,0,0,0,0,0,0,0,0,0,0
Wed May 03 2017,0,0,0,0,0,0,0,0,0,0,0,0
Thu May 04 2017,0,0,0,0,0,0,0,0,0,0,0,0
Fri May 05 2017,0,0,0,0,0,0,0,0,0,0,0,0
Sat May 06 2017,0,0,0,0,0,0,0,0,0,0,0,0
Sun May 07 2017,0,0,0,0,0,0,0,0,0,0,0,0
Mon May 08 2017,0,0,0,0,0,0,0,0,0,0,0,0
Tue May 09 2017,0,0,0,0,0,0,0,0,0,0,0,0
Wed May 10 2017,0,0,0,0,0,0,0,0,0,0,0,0
Thu May 11 2017,0,0,0,0,0,0,0,0,0,0,0,0
Fri May 12 2017,0,0,0,0,0,0,0,0,0,0,0,0
Sat May 13 2017,0,0,0,0,0,0,0,0,0,0,0,0
Sun May 14 2017,0,0,0,0,0,0,0,0,0,0,0,0
Mon May 15 2017,0,0,0,0,0,0,0,0,0,0,0,0
Tue May 16 2017,0,0,0,0,0,0,0,0,0,0,0,0
Wed May 17 2017,0,0,0,0,0,0,0,0,0,0,0,0
Thu May 18 2017,0,0,0,0,0,0,0,0,0,0,0,0
Fri May 19 2017,0,0,0,0,0,0,0,0,0,0,0,0
Sat May 20 2017,0,0,0,0,0,0,0,0,0,0,0,0
Sun May 21 2017,0,0,0,0,0,0,0,0,0,0,0,0
Mon May 22 2017,0,0,0,0,0,0,0,0,0,0,0,0
Tue May 23 2017,0,0,0,0,0,0,0,0,0,0,0,0
Wed May 24 2017,0,0,0,0,0,0,0,0,0,0,0,0
Thu May 25 2017,0,0,0,0,0,0,0,0,0,0,0,0
Fri May 26 2017,0,0,0,0,0,0,0,0,0,0,0,0
Sat May 27 2017,0,0,0,0,0,0,0,0,0,0,0,0
Sun May 28 2017,0,0,0,0,0,0,0,0,0,0,0,0
Mon May 29 2017,0,0,0,0,0,0,0,0,0,0,0,0
Tue May 30 2017,0,0,0,0,0,0,0,0,0,0,0,0
Wed May 31 2017,0,0,0,0,0,0,0,0,0,0,0,0
Thu Jun 01 2017,0,0,0,0,0,0,0,0,0,0,0,0
Fri Jun 02 2017,0,0,0,0,0,0,0,0,0,0,0,0
Sat Jun 03 2017,0,0,0,0,0,0,0,0,0,0,0,0
Sun Jun 04 2017,0,0,0,0,0,0,0,0,0,0,0,0
Mon Jun 05 2017,0,0,0,0,0,0,0,0,0,0,0,0
Tue Jun 06 2017,0,0,0,0,0,0,0,0,0,0,0,0
Wed Jun 07 2017,0,0,0,0,0,0,0,0,0,0,0,0
Thu Jun 08 2017,0,0,0,0,0,0,0,0,0,0,0,0
Fri Jun 09 2017,0,0,0,0,0,0,0,0,0,0,0,0
Sat Jun 10 2017,0,0,0,0,0,0,0,0,0,0,0,0
Sun Jun 11 2017,0,0,0,0,0,0,0,0,0,0,0,0
Mon Jun 12 2017,0,0,0,0,0,0,0,0,0,0,0,0
Tue Jun 13 2017,0,0,0,0,0,0,0,0,0,0,0,0
Wed Jun 14 2017,0,0,0,0,0,0,0,0,0,0,0,0
Thu Jun 15 2017,0,0,0,0,0,0,0,0,0,0,0,0
Fri Jun 16 2017,0,0,0,0,0,0,0,0,0,0,0,0
Sat Jun 17 2017,0,0,0,0,0,0,0,0,0,0,0,0
Sun Jun 18 2017,0,0,0,0,0,0,0,0,0,0,0,0
Mon Jun 19 2017,0,0,0,0,0,0,0,0,0,0,0,0
Tue Jun 20 2017,0,0,0,0,0,0,0,0,0,0,0,0
Wed Jun 21 2017,0,0,0,0,0,0,0,0,0,0,0,0
Thu Jun 22 2017,0,0,0,0,0,0,0,0,0,0,0,0
Fri Jun 23 2017,0,0,0,0,0,0,0,0,0,0,0,0
Sat Jun 24 2017,0,0,0,0,0,0,0,0,0,0,0,0
Sun Jun 25 2017,0,0,0,0,0,0,0,0,0,0,0,0
Mon Jun 26 2017,0,0,0,0,0,0,0,0,0,0,0,0
Tue Jun 27 2017,0,0,0,0,0,0,0,0,0,0,0,0
Wed Jun 28 2017,0,0,0,0,0,0,0,0,0,0,0,0
Thu Jun 29 2017,0,0,0,0,0,0,0,0,0,0,0,0
Fri Jun 30 2017,0,0,0,0,0,0,0,0,0,0,0,0
Sat Jul 01 2017,0,0,0,0,0,0,0,0,0,0,0,0
Sun Jul 02 2017,0,0,0,0,0,0,0,0,0,0,0,0
Mon Jul 03 2017,0,0,0,0,0,0,0,0,0,0,0,0
Tue Jul 04 2017,0,0,0,0,0,0,0,0,0,0,0,0
Wed Jul 05 2017,0,0,0,0,0,0,0,0,0,0,0,0
Thu Jul 06 2017,0,0,0,0,0,0,0,0,0,0,0,0
Fri Jul 07 2017,0,0,0,0,0,0,0,0,0,0,0,0
Sat Jul 08 2017,0,0,0,0,0,0,0,0,0,0,0,0
Sun Jul 09 2017,0,0,0,0,0,0,0,0,0,0,0,0
Mon Jul 10 2017,0,0,0,0,0,0,0,0,0,0,0,0
Tue Jul 11 2017,0,0,0,0,0,0,0,0,0,0,0,0
Wed Jul 12 2017,0,0,0,0,0,0,0,0,0,0,0,0
Thu Jul 13 2017,0,0,0,0,0,0,0,0,0,0,0,0
Fri Jul 14 2017,0,0,0,0,0,0,0,0,0,0,0,0
Sat Jul 15 2017,0,0,0,0,0,0,0,0,0,0,0,0
Sun Jul 16 2017,0,0,0,0,0,0,0,0,0,0,0,0
Mon Jul 17 2017,0,0,0,0,0,0,0,0,0,0,0,0
Tue Jul 18 2017,0,0,0,0,0,0,0,0,0,0,0,0
Wed Jul 19 2017,0,0,0,0,0,0,0,0,0,0,0,0
Thu Jul 20 2017,0,0,0,0,0,0,0,0,0,0,0,0
Fri Jul 21 2017,0,0,0,0,0,0,0,0,0,0,0,0
Sat Jul 22 2017,0,0,0,0,0,0,0,0,0,0,0,0
Sun Jul 23 2017,0,0,0,0,0,0,0,0,0,0,0,0
Mon Jul 24 2017,0,0,0,0,0,0,0,0,0,0,0,0
Tue Jul 25 2017,0,0,0,0,0,0,0,0,0,0,0,0
Wed Jul 26 2017,0,0,0,0,0,0,0,0,0,0,0,0
Thu Jul 27 2017,0,0,0,0,0,0,0,0,0,0,0,0
Fri Jul 28 2017,0,0,0,0,0,0,0,0,0,0,0,0
Sat Jul 29 2017,0,0,0,0,0,0,0,0,0,0,0,0
Sun Jul 30 2017,0,0,0,0,0,0,0,0,0,0,0,0
Mon Jul 31 2017,0,0,0,0,0,0,0,0,0,0,0,0
Tue Aug 01 2017,0,0,0,0,0,0,0,0,0,0,0,0
Wed Aug 02 2017,0,0,0,0,0,0,0,0,0,0,0,0
Thu Aug 03 2017,0,0,0,0,0,0,0,0,0,0,0,0
Fri Aug 04 2017,0,0,0,0,0,0,0,0,0,0,0,0
Sat Aug 05 2017,0,0,0,0,0,0,0,0,0,0,0,0
Sun Aug 06 2017,0,0,0,0,0,0,0,0,0,0,0,0
Mon Aug 07 2017,0,0,0,0,0,0,0,0,0,0,0,0
Tue Aug 08 2017,0,0,0,0,0,0,0,0,0,0,0,0
Wed Aug 09 2017,0,0,0,0,0,0,0,0,0,0,0,0
Thu Aug 10 2017,0,0,0,0,0,0,0,0,0,0,0,0
Fri Aug 11 2017,0,0,0,0,0,0,0,0,0,0,0,0
Sat Aug 12 2017,0,0,0,0,0,0,0,0,0,0,0,0
Sun Aug 13 2017,0,0,0,0,0,0,0,0,0,0,0,0
Mon Aug 14 2017,0,0,0,0,0,0,0,0,0,0,0,0
Tue Aug 15 2017,0,0,0,0,0,0,0,0,0,0,0,0
Wed Aug 16 2017,0,0,0,0,0,0,0,0,0,0,0,0
Thu Aug 17 2017,0,0,0,0,0,0,0,0,0,0,0,0
Fri Aug 18 2017,0,0,0,0,0,0,0,0,0,0,0,0
Sat Aug 19 2017,0,0,0,0,0,0,0,0,0,0,0,0
Sun Aug 20 2017,0,0,0,0,0,0,0,0,0,0,0,0
Mon Aug 21 2017,0,0,0,0,0,0,0,0,0,0,0,0
Tue Aug 22 2017,0,0,0,0,0,0,0,0,0,0,0,0
Wed Aug 23 2017,0,0,0,0,0,0,0,0,0,0,0,0
Thu Aug 24 2017,0,0,0,0,0,0,0,0,0,0,0,0
Fri Aug 25 2017,0,0,0,0,0,0,0,0,0,0,0,0
Sat Aug 26 2017,0,0,0,0,0,0,0,0,0,0,0,0
Sun Aug 27 2017,0,0,0,0,0,0,0,0,0,0,0,0
Mon Aug 28 2017,0,0,0,0,0,0,0,0,0,0,0,0
Tue Aug 29 2017,0,0,0,0,0,0,0,0,0,0,0,0
Wed Aug 30 2017,0,0,0,0,0,0,0,0,0,0,0,0
Thu Aug 31 2017,0,0,0,0,0,0,0,0,0,0,0,0
Fri Sep 01 2017,0,0,0,0,0,0,0,0,0,0,0,0
Sat Sep 02 2017,0,0,0,0,0,0,0,0,0,0,0,0
Sun Sep 03 2017,0,0,0,0,0,0,0,0,0,0,0,0
Mon Sep 04 2017,0,0,0,0,0,0,0,0,0,0,0,0
Tue Sep 05 2017,0,0,0,0,0,0,0,0,0,0,0,0
Wed Sep 06 2017,0,0,0,0,0,0,0,0,0,0,0,0
Thu Sep 07 2017,0,0,0,0,0,0,0,0,0,0,0,0
Fri Sep 08 2017,0,0,0,0,0,0,0,0,0,0,0,0
Sat Sep 09 2017,0,0,0,0,0,0,0,0,0,0,0,0
Sun Sep 10 2017,0,0,0,0,0,0,0,0,0,0,0,0
Mon Sep 11 2017,0,0,0,0,0,0,0,0,0,0,0,0
Tue Sep 12 2017,0,0,0,0,0,0,0,0,0,0,0,0
Wed Sep 13 2017,0,0,0,0,0,0,0,0,0,0,0,0
Thu Sep 14 2017,0,0,0,0,0,0,0,0,0,0,0,0
Fri Sep 15 2017,0,0,0,0,0,0,0,0,0,0,0,0
Sat Sep 16 2017,0,0,0,0,0,0,0,0,0,0,0,0
Sun Sep 17 2017,0,0,0,0,0,0,0,0,0,0,0,0
Mon Sep 18 2017,0,0,0,0,0,0,0,0,0,0,0,0
Tue Sep 19 2017,0,0,0,0,0,0,0,0,0,0,0,0
Wed Sep 20 2017,0,0,0,0,0,0,0,0,0,0,0,0
Thu Sep 21 2017,0,0,0,0,0,0,0,0,0,0,0,0
Fri Sep 22 2017,0,0,0,0,0,0,0,0,0,0,0,0
Sat Sep 23 2017,0,0,0,0,0,0,0,0,0,0,0,0
Sun Sep 24 2017,0,0,0,0,0,0,0,0,0,0,0,0
Mon Sep 25 2017,0,0,0,0,0,0,0,0,0,0,0,0
Tue Sep 26 2017,0,0,0,0,0,0,0,0,0,0,0,0
Wed Sep 27 2017,0,0,0,0,0,0,0,0,0,0,0,0
Thu Sep 28 2017,0,0,0,0,0,0,0,0,0,0,0,0
Fri Sep 29 2017,0,0,0,0,0,0,0,0,0,0,0,0
Sat Sep 30 2017,0,0,0,0,0,0,0,0,0,0,0,0
Sun Oct 01 2017,0,0,0,0,0,0,0,0,0,0,0,0
Mon Oct 02 2017,0,0,0,0,0,0,0,0,0,0,0,0
Tue Oct 03 2017,0,0,0,0,0,0,0,0,0,0,0,0
Wed Oct 04 2017,0,0,0,0,0,0,0,0,0,0,0,0
Thu Oct 05 2017,0,0,0,0,0,0,0,0,0,0,0,0
Fri Oct 06 2017,0,0,0,0,0,0,0,0,0,0,0,0
Sat Oct 07 2017,0,0,0,0,0,0,0,0,0,0,0,0
Sun Oct 08 2017,0,0,0,0,0,0,0,0,0,0,0,0
Mon Oct 09 2017,0,0,0,0,0,0,0,0,0,0,0,0
Tue Oct 10 2017,0,0,0,0,0,0,0,0,0,0,0,0
Wed Oct 11 2017,0,0,0,0,0,0,0,0,0,0,0,0
Thu Oct 12 2017,0,0,0,0,0,0,0,0,0,0,0,0
Fri Oct 13 2017,0,0,0,0,0,0,0,0,0,0,0,0
Sat Oct 14 2017,0,0,0,0,0,0,0,0,0,0,0,0
Sun Oct 15 2017,0,0,0,0,0,0,0,0,0,0,0,0
Mon Oct 16 2017,0,0,0,0,0,0,0,0,0,0,0,0
Tue Oct 17 2017,0,0,0,0,0,0,0,0,0,0,0,0
Wed Oct 18 2017,0,0,0,0,0,0,0,0,0,0,0,0
Thu Oct 19 2017,0,0,0,0,0,0,0,0,0,0,0,0
Fri Oct 20 2017,0,0,0,0,0,0,0,0,0,0,0,0
Sat Oct 21 2017,0,0,0,0,0,0,0,0,0,0,0,0
Sun Oct 22 2017,0,0,0,0,0,0,0,0,0,0,0,0
Mon Oct 23 2017,0,0,0,0,0,0,0,0,0,0,0,0
Tue Oct 24 2017,0,0,0,0,0,0,0,0,0,0,0,0
Wed Oct 25 2017,0,0,0,0,0,0,0,0,0,0,0,0
Thu Oct 26 2017,0,0,0,0,0,0,0,0,0,0,0,0
Fri Oct 27 2017,0,0,0,0,0,0,0,0,0,0,0,0
Sat Oct 28 2017,0,0,0,0,0,0,0,0,0,0,0,0
Sun Oct 29 2017,0,0,0,0,0,0,0,0,0,0,0,0
Mon Oct 30 2017,0,0,0,0,0,0,0,0,0,0,0,0
Tue Oct 31 2017,0,0,0,0,0,0,0,0,0,0,0,0
Wed Nov 01 2017,0,0,0,0,0,0,0,0,0,0,0,0
Thu Nov 02 2017,0,0,0,0,0,0,0,0,0,0,0,0
Fri Nov 03 2017,0,0,0,0,0,0,0,0,0,0,0,0
Sat Nov 04 2017,0,0,0,0,0,0,0,0,0,0,0,0
Sun Nov 05 2017,0,0,0,0,0,0,0,0,0,0,0,0
Mon Nov 06 2017,0,0,0,0,0,0,0,0,0,0,0,0
Tue Nov 07 2017,0,0,0,0,0,0,0,0,0,0,0,0
Wed Nov 08 2017,0,0,0,0,0,0,0,0,0,0,0,0
Thu Nov 09 2017,0,0,0,0,0,0,0,0,0,0,0,0
Fri Nov 10 2017,0,0,0,0,0,0,0,0,0,0,0,0
Sat Nov 11 2017,0,0,0,0,0,0,0,0,0,0,0,0
Sun Nov 12 2017,0,0,0,0,0,0,0,0,0,0,0,0
Mon Nov 13 2017,0,0,0,0,0,0,0,0,0,0,0,0
Tue Nov 14 2017,0,0,0,0,0,0,0,0,0,0,0,0
Wed Nov 15 2017,0,0,0,0,0,0,0,0,0,0,0,0
Thu Nov 16 2017,0,0,0,0,0,0,0,0,0,0,0,0
Fri Nov 17 2017,0,0,0,0,0,0,0,0,0,0,0,0
Sat Nov 18 2017,0,0,0,0,0,0,0,0,0,0,0,0
Sun Nov 19 2017,0,0,0,0,0,0,0,0,0,0,0,0
Mon Nov 20 2017,0,0,0,0,0,0,0,0,0,0,0,0
Tue Nov 21 2017,0,0,0,0,0,0,0,0,0,0,0,0
Wed Nov 22 2017,0,0,0,0,0,0,0,0,0,0,0,0
Thu Nov 23 2017,0,0,0,0,0,0,0,0,0,0,0,0
Fri Nov 24 2017,0,0,0,0,0,0,0,0,0,0,0,0
Sat Nov 25 2017,0,0,0,0,0,0,0,0,0,0,0,0
Sun Nov 26 2017,0,0,0,0,0,0,0,0,0,0,0,0
Mon Nov 27 2017,0,0,0,0,0,0,0,0,0,0,0,0
Tue Nov 28 2017,0,0,0,0,0,0,0,0,0,0,0,0
Wed Nov 29 2017,0,0,0,0,0,0,0,0,0,0,0,0
Thu Nov 30 2017,0,0,0,0,0,0,0,0,0,0,0,0
Fri Dec 01 2017,0,0,0,0,0,0,0,0,0,0,0,0
Sat Dec 02 2017,0,0,0,0,0,0,0,0,0,0,0,0
Sun Dec 03 2017,0,0,0,0,0,0,0,0,0,0,0,0
Mon Dec 04 2017,0,0,0,0,0,0,0,0,0,0,0,0
Tue Dec 05 2017,0,0,0,0,0,0,0,0,0,0,0,0
Wed Dec 06 2017,0,0,0,0,0,0,0,0,0,0,0,0
Thu Dec 07 2017,0,0,0,0,0,0,0,0,0,0,0,0
Fri Dec 08 2017,0,0,0,0,0,0,0,0,0,0,0,0
Sat Dec 09 2017,0,0,0,0,0,0,0,0,0,0,0,0
Sun Dec 10 2017,0,0,0,0,0,0,0,0,0,0,0,0
Mon Dec 11 2017,0,0,0,0,0,0,0,0,0,0,0,0
Tue Dec 12 2017,0,0,0,0,0,0,0,0,0,0,0,0
Wed Dec 13 2017,0,0,0,0,0,0,0,0,0,0,0,0
Thu Dec 14 2017,0,0,0,0,0,0,0,0,0,0,0,0
Fri Dec 15 2017,0,0,0,0,0,0,0,0,0,0,0,0
Sat Dec 16 2017,0,0,0,0,0,0,0,0,0,0,0,0
Sun Dec 17 2017,0,0,0,0,0,0,0,0,0,0,0,0
Mon Dec 18 2017,0,0,0,0,0,0,0,0,0,0,0,0
Tue Dec 19 2017,0,0,0,0,0,0,0,0,0,0,0,0
Wed Dec 20 2017,0,0,0,0,0,0,0,0,0,0,0,0
Thu Dec 21 2017,0,0,0,0,0,0,0,0,0,0,0,0
Fri Dec 22 2017,0,0,0,0,0,0,0,0,0,0,0,0
Sat Dec 23 2017,0,0,0,0,0,0,0,0,0,0,0,0
Sun Dec 24 2017,0,0,0,0,0,0,0,0,0,0,0,0
Mon Dec 25 2017,0,0,0,0,0,0,0,0,0,0,0,0
Tue Dec 26 2017,0,0,0,0,0,0,0,0,0,0,0,0
Wed Dec 27 2017,0,0,0,0,0,0,0,0,0,0,0,0
Thu Dec 28 2017,0,0,0,0,0,0,0,0,0,0,0,0
Fri Dec 29 2017,0,0,0,0,0,0,0,0,0,0,0,0
Sat Dec 30 2017,0,0,0,0,0,0,0,0,0,0,0,0
Sun Dec 31 2017,0,0,0,0,0,0,0,0,0,0,0,0
Mon Jan 01 2018,0,0,0,0,0,0,0,0,0,0,0,0
Tue Jan 02 2018,0,0,0,0,0,0,0,0,0,0,0,0
Wed Jan 03 2018,0,0,0,0,0,0,0,0,0,0,0,0
Thu Jan 04 2018,0,0,0,0,0,0,0,0,0,0,0,0
Fri Jan 05 2018,0,0,0,0,0,0,0,0,0,0,0,0
Sat Jan 06 2018,0,0,0,0,0,0,0,0,0,0,0,0
Sun Jan 07 2018,0,0,0,0,0,0,0,0,0,0,0,0
Mon Jan 08 2018,0,0,0,0,0,0,0,0,0,0,0,0
Tue Jan 09 2018,0,0,0,0,0,0,0,0,0,0,0,0
Wed Jan 10 2018,0,0,0,0,0,0,0,0,0,0,0,0
Thu Jan 11 2018,0,0,0,0,0,0,0,0,0,0,0,0
Fri Jan 12 2018,0,0,0,0,0,0,0,0,0,0,0,0
Sat Jan 13 2018,0,0,0,0,0,0,0,0,0,0,0,0
Sun Jan 14 2018,0,0,0,0,0,0,0,0,0,0,0,0
Mon Jan 15 2018,0,0,0,0,0,0,0,0,0,0,0,0
Tue Jan 16 2018,0,0,0,0,0,0,0,0,0,0,0,0
Wed Jan 17 2018,0,0,0,0,0,0,0,0,0,0,0,0
Thu Jan 18 2018,0,0,0,0,0,0,0,0,0,0,0,0
Fri Jan 19 2018,0,0,0,0,0,0,0,0,0,0,0,0
Sat Jan 20 2018,0,0,0,0,0,0,0,0,0,0,0,0
Sun Jan 21 2018,0,0,0,0,0,0,0,0,0,0,0,0
Mon Jan 22 2018,0,0,0,0,0,0,0,0,0,0,0,0
Tue Jan 23 2018,0,0,0,0,0,0,0,0,0,0,0,0
Wed Jan 24 2018,0,0,0,0,0,0,0,0,0,0,0,0
Thu Jan 25 2018,0,0,0,0,0,0,0,0,0,0,0,0
Fri Jan 26 2018,0,0,0,0,0,0,0,0,0,0,0,0
Sat Jan 27 2018,0,0,0,0,0,0,0,0,0,0,0,0
Sun Jan 28 2018,0,0,0,0,0,0,0,0,0,0,0,0
Mon Jan 29 2018,0,0,0,0,0,0,0,0,0,0,0,0
Tue Jan 30 2018,0,0,0,0,0,0,0,0,0,0,0,0
Wed Jan 31 2018,0,0,0,0,0,0,0,0,0,0,0,0
Thu Feb 01 2018,0,0,0,0,0,0,0,0,0,0,0,0
Fri Feb 02 2018,0,0,0,0,0,0,0,0,0,0,0,0
Sat Feb 03 2018,0,0,0,0,0,0,0,0,0,0,0,0
Sun Feb 04 2018,0,0,0,0,0,0,0,0,0,0,0,0
Mon Feb 05 2018,0,0,0,0,0,0,0,0,0,0,0,0
Tue Feb 06 2018,0,0,0,0,0,0,0,0,0,0,0,0
Wed Feb 07 2018,0,0,0,0,0,0,0,0,0,0,0,0
Thu Feb 08 2018,0,0,0,0,0,0,0,0,0,0,0,0
Fri Feb 09 2018,0,0,0,0,0,0,0,0,0,0,0,0
Sat Feb 10 2018,0,0,0,0,0,0,0,0,0,0,0,0
Sun Feb 11 2018,0,0,0,0,0,0,0,0,0,0,0,0
Mon Feb 12 2018,0,0,0,0,0,0,0,0,0,0,0,0
Tue Feb 13 2018,0,0,0,0,0,0,0,0,0,0,0,0
Wed Feb 14 2018,0,0,0,0,0,0,0,0,0,0,0,0
Thu Feb 15 2018,0,0,0,0,0,0,0,0,0,0,0,0
Fri Feb 16 2018,0,0,0,0,0,0,0,0,0,0,0,0
Sat Feb 17 2018,0,0,0,0,0,0,0,0,0,0,0,0
Sun Feb 18 2018,0,0,0,0,0,0,0,0,0,0,0,0
Mon Feb 19 2018,0,0,0,0,0,0,0,0,0,0,0,0
Tue Feb 20 2018,0,0,0,0,0,0,0,0,0,0,0,0
Wed Feb 21 2018,0,0,0,0,0,0,0,0,0,0,0,0
Thu Feb 22 2018,0,0,0,0,0,0,0,0,0,0,0,0
Fri Feb 23 2018,0,0,0,0,0,0,0,0,0,0,0,0
Sat Feb 24 2018,0,0,0,0,0,0,0,0,0,0,0,0
Sun Feb 25 2018,0,0,0,0,0,0,0,0,0,0,0,0
Mon Feb 26 2018,0,0,0,0,0,0,0,0,0,0,0,0
Tue Feb 27 2018,0,0,0,0,0,0,0,0,0,0,0,0
Wed Feb 28 2018,0,0,0,0,0,0,0,0,0,0,0,0
Thu Mar 01 2018,0,0,0,0,0,0,0,0,0,0,0,0
Fri Mar 02 2018,0,0,0,0,0,0,0,0,0,0,0,0
Sat Mar 03 2018,0,0,0,0,0,0,0,0,0,0,0,0
Sun Mar 04 2018,0,0,0,0,0,0,0,0,0,0,0,0
Mon Mar 05 2018,0,0,0,0,0,0,0,0,0,0,0,0
Tue Mar 06 2018,0,0,0,0,0,0,0,0,0,0,0,0
Wed Mar 07 2018,0,0,0,0,0,0,0,0,0,0,0,0
Thu Mar 08 2018,0,0,0,0,0,0,0,0,0,0,0,0
Fri Mar 09 2018,0,0,0,0,0,0,0,0,0,0,0,0
Sat Mar 10 2018,0,0,0,0,0,0,0,0,0,0,0,0
Sun Mar 11 2018,0,0,0,0,0,0,0,0,0,0,0,0
Mon Mar 12 2018,0,0,0,0,0,0,0,0,0,0,0,0
Tue Mar 13 2018,0,0,0,0,0,0,0,0,0,0,0,0
Wed Mar 14 2018,0,0,0,0,0,0,0,0,0,0,0,0
Thu Mar 15 2018,0,0,0,0,0,0,0,0,0,0,0,0
Fri Mar 16 2018,0,0,0,0,0,0,0,0,0,0,0,0
Sat Mar 17 2018,0,0,0,0,0,0,0,0,0,0,0,0
Sun Mar 18 2018,0,0,0,0,0,0,0,0,0,0,0,0
Mon Mar 19 2018,0,0,0,0,0,0,0,0,0,0,0,0
Tue Mar 20 2018,0,0,0,0,0,0,0,0,0,0,0,0
Wed Mar 21 2018,0,0,0,0,0,0,0,0,0,0,0,0
Thu Mar 22 2018,0,0,0,0,0,0,0,0,0,0,0,0
Fri Mar 23 2018,0,0,0,0,0,0,0,0,0,0,0,0
Sat Mar 24 2018,0,0,0,0,0,0,0,0,0,0,0,0
Sun Mar 25 2018,0,0,0,0,0,0,0,0,0,0,0,0
Mon Mar 26 2018,0,0,0,0,0,0,0,0,0,0,0,0
Tue Mar 27 2018,0,0,0,0,0,0,0,0,0,0,0,0
Wed Mar 28 2018,0,0,0,0,0,0,0,0,0,0,0,0
Thu Mar 29 2018,0,0,0,0,0,0,0,0,0,0,0,0
Fri Mar 30 2018,0,0,0,0,0,0,0,0,0,0,0,0
Sat Mar 31 2018,0,0,0,0,0,0,0,0,0,0,0,0
Sun Apr 01 2018,0,0,0,0,0,0,0,0,0,0,0,0
Mon Apr 02 2018,0,0,0,0,0,0,0,0,0,0,0,0
Tue Apr 03 2018,0,0,0,0,0,0,0,0,0,0,0,0
Wed Apr 04 2018,0,0,0,0,0,0,0,0,0,0,0,0
Thu Apr 05 2018,0,0,0,0,0,0,0,0,0,0,0,0
Fri Apr 06 2018,0,0,0,0,0,0,0,0,0,0,0,0
Sat Apr 07 2018,0,0,0,0,0,0,0,0,0,0,0,0
Sun Apr 08 2018,0,0,0,0,0,0,0,0,0,0,0,0
Mon Apr 09 2018,0,0,0,0,0,0,0,0,0,0,0,0
Tue Apr 10 2018,0,0,0,0,0,0,0,0,0,0,0,0
Wed Apr 11 2018,0,0,0,0,0,0,0,0,0,0,0,0
Thu Apr 12 2018,0,0,0,0,0,0,0,0,0,0,0,0
Fri Apr 13 2018,0,0,0,0,0,0,0,0,0,0,0,0
Sat Apr 14 2018,0,0,0,0,0,0,0,0,0,0,0,0
Sun Apr 15 2018,0,0,0,0,0,0,0,0,0,0,0,0
Mon Apr 16 2018,0,0,0,0,0,0,0,0,0,0,0,0
Tue Apr 17 2018,0,0,0,0,0,0,0,0,0,0,0,0
Wed Apr 18 2018,0,0,0,0,0,0,0,0,0,0,0,0
Thu Apr 19 2018,0,0,0,0,0,0,0,0,0,0,0,0
Fri Apr 20 2018,0,0,0,0,0,0,0,0,0,0,0,0
Sat Apr 21 2018,0,0,0,0,0,0,0,0,0,0,0,0
Sun Apr 22 2018,0,0,0,0,0,0,0,0,0,0,0,0
Mon Apr 23 2018,0,0,0,0,0,0,0,0,0,0,0,0
Tue Apr 24 2018,0,0,0,0,0,0,0,0,0,0,0,0
Wed Apr 25 2018,0,0,0,0,0,0,0,0,0,0,0,0
Thu Apr 26 2018,0,0,0,0,0,0,0,0,0,0,0,0
Fri Apr 27 2018,0,0,0,0,0,0,0,0,0,0,0,0
Sat Apr 28 2018,0,0,0,0,0,0,0,0,0,0,0,0
Sun Apr 29 2018,0,0,0,0,0,0,0,0,0,0,0,0
Mon Apr 30 2018,0,0,0,0,0,0,0,0,0,0,0,0
Tue May 01 2018,0,0,0,0,0,0,0,0,0,0,0,0
Wed May 02 2018,0,0,0,0,0,0,0,0,0,0,0,0
Thu May 03 2018,0,0,0,0,0,0,0,0,0,0,0,0
Fri May 04 2018,0,0,0,0,0,266,0,0,0,0,0,0
Sat May 05 2018,0,0,0,0,0,56,0,0,0,0,0,0
Sun May 06 2018,0,0,0,0,0,35,0,0,0,0,0,0
Mon May 07 2018,5,1,0.03,0,1,192,1,1,0,3,0,0
Tue May 08 2018,0,0,0,1,0,79,0,0,0,0,0,0
Wed May 09 2018,0,0,0,0,0,173,0,0,0,0,0,0
Thu May 10 2018,0,0,0,0,0,45,0,0,0,0,0,0
Fri May 11 2018,0,0,0,0,0,0,0,0,0,0,0,0
Sat May 12 2018,0,0,0,0,0,40,0,0,0,0,0,0
Sun May 13 2018,0,0,0,0,0,0,0,0,0,0,0,0
Mon May 14 2018,0,0,0,0,0,0,0,0,0,0,0,0
Tue May 15 2018,0,0,0,0,0,0,0,0,0,0,0,0
Wed May 16 2018,0,0,0,0,0,0,0,0,0,0,0,0
Thu May 17 2018,106,1,0.49,0,1,220,3,2,0,9,0,0
Fri May 18 2018,22,2,0.14,0,0,166,2,2,0,0,0,0
Sat May 19 2018,0,0,0,0,0,0,0,0,0,0,0,0
Sun May 20 2018,4,2,0.03,0,1,164,2,1,0,3,0,0
Mon May 21 2018,0,0,0,0,0,0,0,0,0,0,0,0
Tue May 22 2018,0,0,0,0,0,111,0,0,0,0,0,0
Wed May 23 2018,0,0,0,0,0,66,0,0,0,0,0,0
Thu May 24 2018,0,0,0,0,0,0,0,0,0,0,0,0
Fri May 25 2018,0,0,0,0,0,0,0,0,0,0,0,0
Sat May 26 2018,0,0,0,0,0,78,0,0,0,0,0,0
Sun May 27 2018,0,0,0,0,0,0,0,0,0,0,0,0
Mon May 28 2018,0,0,0,0,0,0,0,0,0,0,0,0
Tue May 29 2018,0,0,0,0,0,0,0,0,0,0,0,0
Wed May 30 2018,0,0,0,0,0,0,0,0,0,0,0,0
Thu May 31 2018,0,0,0,0,0,0,0,0,0,0,0,0
Fri Jun 01 2018,0,0,0,0,0,0,0,0,0,0,0,0
Sat Jun 02 2018,4,1,0.08,0,0,55,1,1,0,0,0,0
Sun Jun 03 2018,0,0,0,0,0,0,0,0,0,0,0,0
Mon Jun 04 2018,0,0,0,0,0,0,0,0,0,0,0,0
Tue Jun 05 2018,0,0,0,0,0,0,0,0,0,0,0,0
Wed Jun 06 2018,0,0,0,0,0,0,0,0,0,0,0,0
Thu Jun 07 2018,0,0,0,0,0,0,0,0,0,0,0,0
Fri Jun 08 2018,0,0,0,0,0,0,0,0,0,0,0,0
Sat Jun 09 2018,0,0,0,0,0,0,0,0,0,0,0,0
Sun Jun 10 2018,0,0,0,0,0,0,0,0,0,0,0,0
Mon Jun 11 2018,0,0,0,0,0,0,0,0,0,0,0,0
Tue Jun 12 2018,0,0,0,0,0,0,0,0,0,0,0,0
Wed Jun 13 2018,5,1,0.05,0,0,111,1,1,0,0,0,0
Thu Jun 14 2018,1,1,0.01,0,0,88,1,1,0,0,0,0
Fri Jun 15 2018,0,0,0,0,0,0,0,0,0,0,0,0
Sat Jun 16 2018,3,1,0.02,0,0,125,1,2,0,0,0,0
Sun Jun 17 2018,0,0,0,0,0,0,0,0,0,0,0,0
Mon Jun 18 2018,0,0,0,0,0,238,0,0,0,0,0,0
Tue Jun 19 2018,0,0,0,0,0,0,0,0,0,0,0,0
Wed Jun 20 2018,0,0,0,0,0,148,0,0,0,0,0,0
Thu Jun 21 2018,59,2,0.08,0,1,734,2,1,0,2,0,0
Fri Jun 22 2018,0,0,0,0,0,1,0,0,0,0,0,0
Sat Jun 23 2018,0,0,0,0,0,27,0,0,0,0,0,0
Sun Jun 24 2018,0,0,0,0,0,0,0,0,0,0,0,0
Mon Jun 25 2018,0,0,0,0,0,0,0,0,0,0,0,0
Tue Jun 26 2018,0,0,0,0,0,0,0,0,0,0,0,0
Wed Jun 27 2018,0,0,0,0,0,0,0,0,0,0,0,0
Thu Jun 28 2018,0,0,0,0,0,0,0,0,0,0,0,0
Fri Jun 29 2018,0,0,0,0,0,134,0,0,0,0,0,0
Sat Jun 30 2018,3,0,0.04,0,0,73,0,1,0,0,0,0
Sun Jul 01 2018,0,0,0,0,0,0,0,0,0,0,0,0
Mon Jul 02 2018,8,1,0.15,0,0,58,1,1,0,0,0,0
Tue Jul 03 2018,9,1,0.41,0,0,40,1,1,0,0,0,0
Wed Jul 04 2018,0,0,0,0,0,0,0,0,0,0,0,0
Thu Jul 05 2018,0,0,0,0,0,0,0,0,0,0,0,0
Fri Jul 06 2018,0,0,0,0,0,0,0,0,0,0,0,0
Sat Jul 07 2018,0,0,0,0,0,0,0,0,0,0,0,0
Sun Jul 08 2018,0,0,0,0,0,0,0,0,0,0,0,0
Mon Jul 09 2018,0,0,0,0,0,0,0,0,0,0,0,0
Tue Jul 10 2018,0,0,0,0,0,0,0,0,0,0,0,0
Wed Jul 11 2018,0,0,0,0,0,0,0,0,0,0,0,0
Thu Jul 12 2018,0,0,0,0,0,0,0,0,0,0,0,0
Fri Jul 13 2018,0,0,0,0,0,0,0,0,0,0,0,0
Sat Jul 14 2018,0,0,0,0,0,0,0,0,0,0,0,0
Sun Jul 15 2018,0,0,0,1,0,23,0,0,0,0,0,0
Mon Jul 16 2018,0,0,0,0,0,0,0,0,0,0,0,0
Tue Jul 17 2018,0,0,0,0,0,0,0,0,0,0,0,0
Wed Jul 18 2018,0,0,0,0,0,0,0,0,0,0,0,0
Thu Jul 19 2018,0,0,0,0,0,0,0,0,0,0,0,0
Fri Jul 20 2018,0,0,0,0,0,0,0,0,0,0,0,0
Sat Jul 21 2018,0,0,0,0,0,0,0,0,0,0,0,0
Sun Jul 22 2018,0,0,0,0,0,0,0,0,0,0,0,0
Mon Jul 23 2018,0,0,0,0,0,0,0,0,0,0,0,0
Tue Jul 24 2018,0,0,0,0,0,0,0,0,0,0,0,0
Wed Jul 25 2018,0,0,0,0,0,0,0,0,0,0,0,0
Thu Jul 26 2018,0,0,0,0,0,0,0,0,0,0,0,0
Fri Jul 27 2018,0,0,0,0,0,0,0,0,0,0,0,0
Sat Jul 28 2018,0,0,0,0,0,0,0,0,0,0,0,0
Sun Jul 29 2018,0,0,0,0,0,0,0,0,0,0,0,0
Mon Jul 30 2018,0,0,0,0,0,0,0,0,0,0,0,0
Tue Jul 31 2018,0,0,0,0,0,0,0,0,0,0,0,0
Wed Aug 01 2018,0,0,0,0,0,0,0,0,0,0,0,0
Thu Aug 02 2018,0,0,0,0,0,0,0,0,0,0,0,0
Fri Aug 03 2018,0,0,0,0,0,0,0,0,0,0,0,0
Sat Aug 04 2018,0,0,0,0,0,0,0,0,0,0,0,0
Sun Aug 05 2018,0,0,0,0,0,0,0,0,0,0,0,0
Mon Aug 06 2018,0,0,0,0,0,0,0,0,0,0,0,0
Tue Aug 07 2018,0,0,0,0,0,0,0,0,0,0,0,0
Wed Aug 08 2018,0,0,0,0,0,0,0,0,0,0,0,0
Thu Aug 09 2018,0,0,0,0,0,0,0,0,0,0,0,0
Fri Aug 10 2018,0,0,0,0,0,0,0,0,0,0,0,0
Sat Aug 11 2018,0,0,0,0,0,0,0,0,0,0,0,0
Sun Aug 12 2018,0,0,0,0,0,0,0,0,0,0,0,0
Mon Aug 13 2018,0,0,0,0,0,0,0,0,0,0,0,0
Tue Aug 14 2018,0,0,0,0,0,0,0,0,0,0,0,0
Wed Aug 15 2018,0,0,0,0,0,0,0,0,0,0,0,0
Thu Aug 16 2018,0,0,0,0,0,0,0,0,0,0,0,0
Fri Aug 17 2018,0,0,0,0,0,0,0,0,0,0,0,0
Sat Aug 18 2018,0,0,0,0,0,0,0,0,0,0,0,0
Sun Aug 19 2018,0,0,0,0,0,0,0,0,0,0,0,0
Mon Aug 20 2018,0,0,0,0,0,0,0,0,0,0,0,0
Tue Aug 21 2018,0,0,0,0,0,0,0,0,0,0,0,0
Wed Aug 22 2018,0,0,0,0,0,0,0,0,0,0,0,0
Thu Aug 23 2018,0,0,0,0,0,0,0,0,0,0,0,0
Fri Aug 24 2018,0,0,0,0,0,0,0,0,0,0,0,0
Sat Aug 25 2018,0,0,0,0,0,0,0,0,0,0,0,0
Sun Aug 26 2018,0,0,0,0,0,0,0,0,0,0,0,0
Mon Aug 27 2018,0,0,0,0,0,0,0,0,0,0,0,0
Tue Aug 28 2018,0,0,0,0,0,0,0,0,0,0,0,0
Wed Aug 29 2018,0,0,0,0,0,0,0,0,0,0,0,0
Thu Aug 30 2018,0,0,0,0,0,0,0,0,0,0,0,0
Fri Aug 31 2018,0,0,0,0,0,0,0,0,0,0,0,0
Sat Sep 01 2018,0,0,0,0,0,0,0,0,0,0,0,0
Sun Sep 02 2018,0,0,0,0,0,0,0,0,0,0,0,0
Mon Sep 03 2018,0,0,0,0,0,0,0,0,0,0,0,0
Tue Sep 04 2018,0,0,0,0,0,0,0,0,0,0,0,0
Wed Sep 05 2018,0,0,0,0,0,0,0,0,0,0,0,0
Thu Sep 06 2018,0,0,0,0,0,0,0,0,0,0,0,0
Fri Sep 07 2018,0,0,0,0,0,0,0,0,0,0,0,0
Sat Sep 08 2018,0,0,0,0,0,0,0,0,0,0,0,0
Sun Sep 09 2018,0,0,0,0,0,0,0,0,0,0,0,0
Mon Sep 10 2018,0,0,0,0,0,0,0,0,0,0,0,0
Tue Sep 11 2018,0,0,0,0,0,0,0,0,0,0,0,0
Wed Sep 12 2018,0,0,0,0,0,0,0,0,0,0,0,0
Thu Sep 13 2018,0,0,0,0,0,0,0,0,0,0,0,0
Fri Sep 14 2018,0,0,0,0,0,0,0,0,0,0,0,0
Sat Sep 15 2018,0,0,0,0,0,0,0,0,0,0,0,0
Sun Sep 16 2018,0,0,0,0,0,0,0,0,0,0,0,0
Mon Sep 17 2018,0,0,0,0,0,0,0,0,0,0,0,0
Tue Sep 18 2018,0,0,0,0,0,0,0,0,0,0,0,0
Wed Sep 19 2018,0,0,0,0,0,0,0,0,0,0,0,0
Thu Sep 20 2018,0,0,0,0,0,0,0,0,0,0,0,0
Fri Sep 21 2018,0,0,0,0,0,0,0,0,0,0,0,0
Sat Sep 22 2018,0,0,0,0,0,0,0,0,0,0,0,0
Sun Sep 23 2018,0,0,0,0,0,0,0,0,0,0,0,0
Mon Sep 24 2018,0,0,0,0,0,0,0,0,0,0,0,0
Tue Sep 25 2018,0,0,0,0,0,0,0,0,0,0,0,0
Wed Sep 26 2018,0,0,0,0,0,0,0,0,0,0,0,0
Thu Sep 27 2018,0,0,0,0,0,0,0,0,0,0,0,0
Fri Sep 28 2018,0,0,0,0,0,0,0,0,0,0,0,0
Sat Sep 29 2018,0,0,0,0,0,78,0,0,0,0,0,0
Sun Sep 30 2018,0,0,0,0,0,0,0,0,0,0,0,0
Mon Oct 01 2018,0,0,0,0,0,0,0,0,0,0,0,0
Tue Oct 02 2018,2,1,0.03,0,0,71,1,1,0,0,0,0
Wed Oct 03 2018,0,0,0,0,0,32,0,0,0,0,0,0
Thu Oct 04 2018,0,0,0,0,0,0,0,0,0,0,0,0
Fri Oct 05 2018,0,0,0,0,0,98,0,0,0,0,0,0
Sat Oct 06 2018,0,0,0,0,0,0,0,0,0,0,0,0
Sun Oct 07 2018,0,0,0,0,0,0,0,0,0,0,0,0
Mon Oct 08 2018,0,0,0,0,0,0,0,0,0,0,0,0
Tue Oct 09 2018,0,0,0,0,0,0,0,0,0,0,0,0
Wed Oct 10 2018,0,0,0,0,0,0,0,0,0,0,0,0
Thu Oct 11 2018,0,0,0,0,0,0,0,0,0,0,0,0
Fri Oct 12 2018,0,0,0,0,0,0,0,0,0,0,0,0
Sat Oct 13 2018,0,0,0,0,0,0,0,0,0,0,0,0
Sun Oct 14 2018,0,0,0,0,0,0,0,0,0,0,0,0
Mon Oct 15 2018,0,0,0,0,0,0,0,0,0,0,0,0
Tue Oct 16 2018,0,0,0,0,0,0,0,0,0,0,0,0
Wed Oct 17 2018,0,0,0,0,0,104,0,0,0,0,0,0
Thu Oct 18 2018,0,0,0,0,0,0,0,0,0,0,0,0
Fri Oct 19 2018,0,0,0,0,0,0,0,0,0,0,0,0
Sat Oct 20 2018,0,0,0,0,0,0,0,0,0,0,0,0
Sun Oct 21 2018,0,0,0,0,0,0,0,0,0,0,0,0
Mon Oct 22 2018,0,0,0,0,0,68,0,0,0,0,0,0
Tue Oct 23 2018,0,0,0,0,0,0,0,0,0,0,0,0
Wed Oct 24 2018,0,0,0,0,0,0,0,0,0,0,0,0
Thu Oct 25 2018,9,2,0.01,0,0,756,2,3,0,0,0,0
Fri Oct 26 2018,223,5,0.31,0,0,730,7,2,0,0,0,0
Sat Oct 27 2018,0,0,0,0,0,0,0,0,0,0,0,0
Sun Oct 28 2018,0,0,0,0,0,0,0,0,0,0,0,0
Mon Oct 29 2018,0,0,0,0,0,0,0,0,0,0,0,0
Tue Oct 30 2018,0,0,0,0,0,0,0,0,0,0,0,0
Wed Oct 31 2018,0,0,0,0,0,0,0,0,0,0,0,0
Thu Nov 01 2018,0,0,0,0,0,0,0,0,0,0,0,0
Fri Nov 02 2018,0,0,0,0,0,0,0,0,0,0,0,0
Sat Nov 03 2018,0,0,0,0,0,0,0,0,0,0,0,0
Sun Nov 04 2018,0,1,0,0,1,108,2,0,0,1,0,0
Mon Nov 05 2018,0,0,0,0,0,0,0,0,0,0,0,0
Tue Nov 06 2018,0,0,0,0,0,0,0,0,0,0,0,0
Wed Nov 07 2018,0,0,0,0,0,61,0,0,0,0,0,0
Thu Nov 08 2018,0,0,0,0,0,0,0,0,0,0,0,0
Fri Nov 09 2018,0,0,0,0,0,0,0,0,0,0,0,0
Sat Nov 10 2018,0,0,0,0,0,0,0,0,0,0,0,0
Sun Nov 11 2018,0,0,0,0,0,0,0,0,0,0,0,0
Mon Nov 12 2018,0,0,0,0,0,0,0,0,0,0,0,0
Tue Nov 13 2018,0,0,0,0,0,0,0,0,0,0,0,0
Wed Nov 14 2018,0,0,0,0,0,0,0,0,0,0,0,0
Thu Nov 15 2018,0,0,0,0,0,0,0,0,0,0,0,0
Fri Nov 16 2018,0,0,0,0,0,0,0,0,0,0,0,0
Sat Nov 17 2018,0,0,0,0,0,0,0,0,0,0,0,0
Sun Nov 18 2018,0,0,0,0,0,0,0,0,0,0,0,0
Mon Nov 19 2018,0,0,0,0,0,0,0,0,0,0,0,0
Tue Nov 20 2018,0,0,0,0,0,0,0,0,0,0,0,0
Wed Nov 21 2018,0,0,0,0,0,96,0,0,0,0,0,0
Thu Nov 22 2018,0,0,0,0,0,0,0,0,0,0,0,0
Fri Nov 23 2018,0,0,0,0,0,0,0,0,0,0,0,0
Sat Nov 24 2018,0,0,0,0,0,0,0,0,0,0,0,0
Sun Nov 25 2018,0,0,0,0,0,0,0,0,0,0,0,0
Mon Nov 26 2018,0,0,0,0,0,34,0,0,0,0,0,0
Tue Nov 27 2018,0,0,0,0,0,0,0,0,0,0,0,0
Wed Nov 28 2018,0,0,0,0,0,0,0,0,0,0,0,0
Thu Nov 29 2018,0,0,0,0,0,0,0,0,0,0,0,0
Fri Nov 30 2018,0,0,0,0,0,0,0,0,0,0,0,0
Sat Dec 01 2018,0,0,0,0,0,0,0,0,0,0,0,0
Sun Dec 02 2018,0,0,0,0,0,0,0,0,0,0,0,0
Mon Dec 03 2018,0,0,0,0,0,0,0,0,0,0,0,0
Tue Dec 04 2018,0,0,0,0,0,0,0,0,0,0,0,0
Wed Dec 05 2018,0,0,0,0,0,0,0,0,0,0,0,0
Thu Dec 06 2018,0,0,0,0,0,0,0,0,0,0,0,0
Fri Dec 07 2018,1,0,0.02,0,0,51,0,1,0,0,0,0
Sat Dec 08 2018,0,0,0,0,0,7,0,0,0,0,0,0
Sun Dec 09 2018,0,0,0,0,0,0,0,0,0,0,0,0
Mon Dec 10 2018,0,0,0,0,0,0,0,0,0,0,0,0
Tue Dec 11 2018,0,0,0,0,0,0,0,0,0,0,0,0
Wed Dec 12 2018,0,0,0,0,0,0,0,0,0,0,0,0
Thu Dec 13 2018,0,0,0,0,0,0,0,0,0,0,0,0
Fri Dec 14 2018,0,0,0,0,0,0,0,0,0,0,0,0
Sat Dec 15 2018,0,0,0,0,0,0,0,0,0,0,0,0
Sun Dec 16 2018,0,0,0,0,0,0,0,0,0,0,0,0
Mon Dec 17 2018,0,0,0,0,0,0,0,0,0,0,0,0
Tue Dec 18 2018,0,0,0,0,0,0,0,0,0,0,0,0
Wed Dec 19 2018,0,0,0,0,0,0,0,0,0,0,0,0
Thu Dec 20 2018,0,0,0,0,0,0,0,0,0,0,0,0
Fri Dec 21 2018,0,0,0,0,0,0,0,0,0,0,0,0
Sat Dec 22 2018,0,0,0,0,0,0,0,0,0,0,0,0
Sun Dec 23 2018,0,0,0,0,0,0,0,0,0,0,0,0
Mon Dec 24 2018,0,0,0,0,0,0,0,0,0,0,0,0
Tue Dec 25 2018,0,0,0,0,0,0,0,0,0,0,0,0
Wed Dec 26 2018,0,0,0,0,0,0,0,0,0,0,0,0
Thu Dec 27 2018,0,0,0,0,0,0,0,0,0,0,0,0
Fri Dec 28 2018,0,0,0,0,0,0,0,0,0,0,0,0
Sat Dec 29 2018,0,0,0,0,0,0,0,0,0,0,0,0
Sun Dec 30 2018,0,0,0,0,0,0,0,0,0,0,0,0
Mon Dec 31 2018,0,0,0,0,0,0,0,0,0,0,0,0
Tue Jan 01 2019,0,0,0,0,0,0,0,0,0,0,0,0
Wed Jan 02 2019,0,0,0,0,0,0,0,0,0,0,0,0
Thu Jan 03 2019,0,0,0,0,0,0,0,0,0,0,0,0
Fri Jan 04 2019,0,0,0,0,0,0,0,0,0,0,0,0
Sat Jan 05 2019,0,0,0,0,0,0,0,0,0,0,0,0
Sun Jan 06 2019,0,0,0,0,0,0,0,0,0,0,0,0
Mon Jan 07 2019,0,0,0,0,0,0,0,0,0,0,0,0
Tue Jan 08 2019,0,0,0,0,0,0,0,0,0,0,0,0
Wed Jan 09 2019,0,0,0,0,0,0,0,0,0,0,0,0
Thu Jan 10 2019,0,0,0,0,0,0,0,0,0,0,0,0
Fri Jan 11 2019,0,0,0,0,0,0,0,0,0,0,0,0
Sat Jan 12 2019,18,9,0.04,1,0,487,9,2,0,0,0,0
Sun Jan 13 2019,57,17,0.06,0,1,943,21,2,0,1,0,0
Mon Jan 14 2019,0,0,0,0,0,0,0,0,0,0,0,0
Tue Jan 15 2019,0,0,0,0,0,0,0,0,0,0,0,0
Wed Jan 16 2019,0,0,0,0,0,0,0,0,0,0,0,0
Thu Jan 17 2019,0,0,0,0,0,0,0,0,0,0,0,0
Fri Jan 18 2019,0,0,0,0,0,0,0,0,0,0,0,0
Sat Jan 19 2019,0,0,0,0,0,0,0,0,0,0,0,0
Sun Jan 20 2019,0,0,0,0,0,0,0,0,0,0,0,0
Mon Jan 21 2019,0,0,0,0,0,0,0,0,0,0,0,0
Tue Jan 22 2019,0,0,0,0,0,0,0,0,0,0,0,0
Wed Jan 23 2019,0,0,0,0,0,0,0,0,0,0,0,0
Thu Jan 24 2019,0,0,0,0,0,0,0,0,0,0,0,0
Fri Jan 25 2019,0,0,0,0,0,0,0,0,0,0,0,0
Sat Jan 26 2019,0,0,0,0,0,0,0,0,0,0,0,0
Sun Jan 27 2019,0,0,0,0,0,0,0,0,0,0,0,0
Mon Jan 28 2019,0,0,0,0,0,0,0,0,0,0,0,0
Tue Jan 29 2019,15,3,0.09,0,0,177,3,2,0,0,0,0
Wed Jan 30 2019,68,4,1.17,0,0,59,4,3,0,0,0,0
Thu Jan 31 2019,4,1,0.06,0,0,65,2,1,0,0,0,0
Fri Feb 01 2019,2,0,0.02,0,0,82,0,1,0,0,0,0
Sat Feb 02 2019,0,0,0,0,0,0,0,0,0,0,0,0
Sun Feb 03 2019,0,0,0,0,0,0,0,0,0,0,0,0
Mon Feb 04 2019,0,0,0,0,0,0,0,0,0,0,0,0
Tue Feb 05 2019,2,1,0.02,0,0,87,1,1,0,0,0,0
Wed Feb 06 2019,0,0,0,0,0,0,0,0,0,0,0,0
Thu Feb 07 2019,0,0,0,0,0,0,0,0,0,0,0,0
Fri Feb 08 2019,0,0,0,0,0,0,0,0,0,0,0,0
Sat Feb 09 2019,0,0,0,0,0,0,0,0,0,0,0,0
Sun Feb 10 2019,0,0,0,0,0,11,0,0,0,0,0,0
Mon Feb 11 2019,0,0,0,0,0,0,0,0,0,0,0,0
Tue Feb 12 2019,0,0,0,0,0,0,0,0,0,0,0,0
Wed Feb 13 2019,0,0,0,0,0,0,0,0,0,0,0,0
Thu Feb 14 2019,0,0,0,0,0,0,0,0,0,0,0,0
Fri Feb 15 2019,0,0,0,0,0,0,0,0,0,0,0,0
Sat Feb 16 2019,0,0,0,0,0,0,0,0,0,0,0,0
Sun Feb 17 2019,0,0,0,0,0,0,0,0,0,0,0,0
Mon Feb 18 2019,0,0,0,0,0,0,0,0,0,0,0,0
Tue Feb 19 2019,0,0,0,0,0,0,0,0,0,0,0,0
Wed Feb 20 2019,0,0,0,0,0,0,0,0,0,0,0,0
Thu Feb 21 2019,20,4,0.14,1,1,143,7,2,0,2,0,0
Fri Feb 22 2019,0,0,0,0,0,0,0,0,0,0,0,0
Sat Feb 23 2019,0,0,0,0,0,0,0,0,0,0,0,0
Sun Feb 24 2019,0,0,0,0,0,0,0,0,0,0,0,0
Mon Feb 25 2019,0,0,0,0,0,0,0,0,0,0,0,0
Tue Feb 26 2019,0,0,0,0,0,0,0,0,0,0,0,0
Wed Feb 27 2019,0,0,0,0,0,0,0,0,0,0,0,0
Thu Feb 28 2019,0,0,0,0,0,0,0,0,0,0,0,0
Fri Mar 01 2019,0,0,0,0,0,0,0,0,0,0,0,0
Sat Mar 02 2019,0,0,0,0,0,0,0,0,0,0,0,0
Sun Mar 03 2019,0,0,0,0,0,0,0,0,0,0,0,0
Mon Mar 04 2019,0,0,0,0,0,0,0,0,0,0,0,0
Tue Mar 05 2019,0,0,0,0,0,0,0,0,0,0,0,0
Wed Mar 06 2019,0,0,0,0,0,0,0,0,0,0,0,0
Thu Mar 07 2019,0,0,0,0,0,0,0,0,0,0,0,0
Fri Mar 08 2019,1,0,0.02,0,0,50,0,1,0,0,0,0
Sat Mar 09 2019,2,0,0.01,0,0,199,0,1,0,0,0,0
Sun Mar 10 2019,46,8,0.3,0,1,156,14,2,0,1,0,0
Mon Mar 11 2019,3,1,0.04,0,0,72,1,1,0,0,0,0
Tue Mar 12 2019,1,1,0.01,0,0,110,1,1,0,0,0,0
Wed Mar 13 2019,0,0,0,0,0,0,0,0,0,0,0,0
Thu Mar 14 2019,0,0,0,0,0,0,0,0,0,0,0,0
Fri Mar 15 2019,0,0,0,0,0,0,0,0,0,0,0,0
Sat Mar 16 2019,0,0,0,0,0,0,0,0,0,0,0,0
Sun Mar 17 2019,0,0,0,0,0,0,0,0,0,0,0,0
Mon Mar 18 2019,0,0,0,0,0,0,0,0,0,0,0,0
Tue Mar 19 2019,0,0,0,0,0,0,0,0,0,0,0,0
Wed Mar 20 2019,0,0,0,0,0,0,0,0,0,0,0,0
Thu Mar 21 2019,0,0,0,0,0,0,0,0,0,0,0,0
Fri Mar 22 2019,0,0,0,0,0,0,0,0,0,0,0,0
Sat Mar 23 2019,0,0,0,0,0,0,0,0,0,0,0,0
Sun Mar 24 2019,0,0,0,0,0,0,0,0,0,0,0,0
Mon Mar 25 2019,2,1,0.07,0,0,31,1,1,0,0,0,0
Tue Mar 26 2019,0,0,0,0,0,0,0,0,0,0,0,0
Wed Mar 27 2019,0,0,0,0,0,0,0,0,0,0,0,0
Thu Mar 28 2019,0,0,0,0,0,0,0,0,0,0,0,0
Fri Mar 29 2019,0,0,0,0,0,0,0,0,0,0,0,0
Sat Mar 30 2019,11,3,0.1,0,0,107,3,2,0,0,0,0
Sun Mar 31 2019,0,0,0,0,0,0,0,0,0,0,0,0
Mon Apr 01 2019,0,0,0,0,0,0,0,0,0,0,0,0
Tue Apr 02 2019,0,0,0,0,0,0,0,0,0,0,0,0
Wed Apr 03 2019,44,6,0.24,0,0,183,7,2,0,0,0,0
Thu Apr 04 2019,0,0,0,0,0,0,0,0,0,0,0,0
Fri Apr 05 2019,10,2,0.05,0,1,183,3,2,0,2,0,0
Sat Apr 06 2019,5,2,0.02,0,0,232,2,1,0,0,0,0
Sun Apr 07 2019,49,18,0.07,1,0,753,19,3,0,0,0,0
Mon Apr 08 2019,16,5,0.2,0,2,80,7,3,0,2,0,0
Tue Apr 09 2019,0,0,0,0,0,44,0,0,0,0,0,0
Wed Apr 10 2019,8,3,0.02,0,0,338,3,1,0,0,0,0
Thu Apr 11 2019,0,0,0,0,0,125,0,0,0,0,0,0
Fri Apr 12 2019,15,7,0.02,0,0,632,7,2,0,0,0,0
Sat Apr 13 2019,0,0,0,0,0,0,0,0,0,0,0,0
Sun Apr 14 2019,0,0,0,0,0,0,0,0,0,0,0,0
Mon Apr 15 2019,24,6,0.08,0,2,304,7,2,0,3,0,0
Tue Apr 16 2019,0,0,0,0,0,27,0,0,0,0,0,0
Wed Apr 17 2019,0,0,0,0,0,26,0,0,0,0,0,0
Thu Apr 18 2019,0,0,0,0,0,0,0,0,0,0,0,0
Fri Apr 19 2019,0,0,0,0,0,0,0,0,0,0,0,0
Sat Apr 20 2019,51,1,0.37,1,0,144,1,2,0,0,0,0
Sun Apr 21 2019,104,15,0.49,1,1,218,21,2,0,4,0,0
Mon Apr 22 2019,11,2,0.04,0,0,308,2,1,0,0,0,0
Tue Apr 23 2019,10,2,0.07,0,0,141,2,1,0,0,0,0
Wed Apr 24 2019,59,24,0.13,0,1,453,28,2,0,1,2,0
Thu Apr 25 2019,2,0,0.01,0,0,294,0,1,0,0,0,0
Fri Apr 26 2019,6,1,0.02,0,0,304,1,1,0,0,0,0
Sat Apr 27 2019,0,0,0,0,0,0,0,0,0,0,0,0
Sun Apr 28 2019,2,0,0.03,0,0,60,0,1,0,0,0,0
Mon Apr 29 2019,14,8,0.03,0,0,467,8,2,0,0,0,0
Tue Apr 30 2019,0,0,0,0,0,0,0,0,0,0,0,0
Wed May 01 2019,3,1,0.02,0,0,186,1,1,0,0,0,0
Thu May 02 2019,31,9,0.03,0,0,937,9,1,0,0,0,0
Fri May 03 2019,2,1,0.01,0,1,164,1,1,0,3,0,0
Sat May 04 2019,2,1,0.01,0,0,156,1,1,0,0,0,0
Sun May 05 2019,17,6,0.04,0,0,475,6,2,0,0,0,0
Mon May 06 2019,10,4,0.03,0,0,361,4,1,0,0,0,0
Tue May 07 2019,167,5,0.46,0,1,367,5,1,0,2,0,1
Wed May 08 2019,184,12,0.44,0,1,419,14,2,0,2,1,0
Thu May 09 2019,22,11,0.08,0,2,294,12,2,0,2,0,0
Fri May 10 2019,22,10,0.06,0,2,379,15,2,0,3,0,0
Sat May 11 2019,30,8,0.07,0,1,447,11,2,0,2,0,0
Sun May 12 2019,26,5,0.13,0,0,213,6,2,0,0,0,0
Mon May 13 2019,79,26,0.33,0,3,245,32,3,0,5,0,0
Tue May 14 2019,4,1,0.13,0,0,33,1,1,0,0,0,0
Wed May 15 2019,54,20,0.09,0,1,585,23,2,0,1,1,0
Thu May 16 2019,0,0,0,0,0,0,0,0,0,0,0,0
Fri May 17 2019,12,4,0.24,0,1,51,4,2,0,1,0,0
Sat May 18 2019,8,4,0.05,0,0,172,4,1,0,0,0,0
Sun May 19 2019,37,12,0.11,0,2,346,13,2,0,2,0,0
Mon May 20 2019,43,15,0.36,0,1,121,16,2,0,1,0,0
Tue May 21 2019,101,19,0.27,0,1,377,19,2,0,3,0,0
Wed May 22 2019,79,13,0.24,0,1,337,16,3,0,3,0,0
Thu May 23 2019,388,35,0.58,0,2,667,41,3,0,4,0,1
Fri May 24 2019,60,13,0.19,1,2,327,14,2,0,3,0,0
Sat May 25 2019,67,25,0.17,0,2,412,28,4,0,2,1,0
Sun May 26 2019,28,15,0.12,0,1,231,16,2,0,2,0,0
Mon May 27 2019,155,12,1.46,1,3,106,19,5,0,14,0,0
Tue May 28 2019,235,21,0.53,0,1,449,25,2,0,1,0,1
Wed May 29 2019,12,9,0.05,0,0,221,9,1,0,0,0,0
Thu May 30 2019,24,12,0.11,0,0,213,13,1,0,0,0,0
Fri May 31 2019,0,0,0,1,0,0,0,0,0,0,0,0
Sat Jun 01 2019,126,12,0.88,0,1,146,12,4,0,2,0,0
Sun Jun 02 2019,0,0,0,0,0,0,0,0,0,0,0,0
Mon Jun 03 2019,268,41,0.54,0,4,499,51,3,0,5,0,0
Tue Jun 04 2019,7,2,0.24,0,1,29,2,1,0,3,0,0
Wed Jun 05 2019,7,4,0.15,0,0,47,4,1,0,0,0,0
Thu Jun 06 2019,90,18,0.43,0,2,211,19,2,0,9,0,0
Fri Jun 07 2019,13,6,0.13,1,0,104,6,1,0,0,0,0
Sat Jun 08 2019,0,0,0,0,0,0,0,0,0,0,0,0
Sun Jun 09 2019,45,11,0.39,1,3,117,11,3,0,4,0,0
Mon Jun 10 2019,0,0,0,0,0,0,0,0,0,0,0,0
Tue Jun 11 2019,8,4,0.04,0,0,196,4,2,0,0,0,0
Wed Jun 12 2019,0,0,0,0,0,0,0,0,0,0,0,0
Thu Jun 13 2019,0,0,0,0,0,0,0,0,0,0,0,0
Fri Jun 14 2019,0,0,0,0,0,0,0,0,0,0,0,0
Sat Jun 15 2019,0,0,0,0,0,0,0,0,0,0,0,0
Sun Jun 16 2019,0,0,0,0,0,0,0,0,0,0,0,0
Mon Jun 17 2019,0,0,0,0,0,0,0,0,0,0,0,0
Tue Jun 18 2019,0,0,0,0,0,0,0,0,0,0,0,0
Wed Jun 19 2019,4,1,0.04,0,1,100,1,1,0,1,0,0
Thu Jun 20 2019,13,2,0.16,2,1,80,3,1,0,1,0,0
Fri Jun 21 2019,0,0,0,0,0,0,0,0,0,0,0,0
Sat Jun 22 2019,0,0,0,0,0,0,0,0,0,0,0,0
Sun Jun 23 2019,0,0,0,0,0,0,0,0,0,0,0,0
Mon Jun 24 2019,0,0,0,0,0,0,0,0,0,0,0,0
Tue Jun 25 2019,0,0,0,0,0,0,0,0,0,0,0,0
Wed Jun 26 2019,10,6,0.06,0,0,178,6,2,0,0,0,0
Thu Jun 27 2019,13,6,0.12,0,0,109,7,2,0,0,0,0
Fri Jun 28 2019,0,0,0,0,0,0,0,0,0,0,0,0
Sat Jun 29 2019,0,0,0,0,0,0,0,0,0,0,0,0
Sun Jun 30 2019,0,0,0,0,0,0,0,0,0,0,0,0
Mon Jul 01 2019,0,0,0,0,0,0,0,0,0,0,0,0
Tue Jul 02 2019,0,0,0,0,0,0,0,0,0,0,0,0
Wed Jul 03 2019,0,0,0,2,0,0,0,0,0,0,0,3
Thu Jul 04 2019,6,2,0.04,0,0,168,2,2,0,0,0,0
Fri Jul 05 2019,0,0,0,0,0,0,0,0,0,0,0,0
Sat Jul 06 2019,0,0,0,0,0,0,0,0,0,0,0,0
Sun Jul 07 2019,4,2,0.09,0,0,48,2,1,0,0,0,0
Mon Jul 08 2019,0,0,0,0,0,0,0,0,0,0,0,0
Tue Jul 09 2019,0,0,0,0,0,0,0,0,0,0,0,0
Wed Jul 10 2019,0,0,0,0,0,22,0,0,0,0,0,0
Thu Jul 11 2019,0,0,0,0,0,0,0,0,0,0,0,0
Fri Jul 12 2019,0,0,0,0,0,0,0,0,0,0,0,0
Sat Jul 13 2019,0,0,0,0,0,0,0,0,0,0,0,0
Sun Jul 14 2019,0,0,0,0,0,0,0,0,0,0,0,0
Mon Jul 15 2019,0,0,0,0,0,0,0,0,0,0,0,0
Tue Jul 16 2019,0,0,0,0,0,0,0,0,0,0,0,0
Wed Jul 17 2019,0,0,0,0,0,0,0,0,0,0,0,0
Thu Jul 18 2019,0,0,0,0,0,0,0,0,0,0,0,0
Fri Jul 19 2019,0,0,0,0,0,0,0,0,0,0,0,0
Sat Jul 20 2019,0,0,0,0,0,0,0,0,0,0,0,0
Sun Jul 21 2019,34,8,0.06,0,0,592,9,2,0,0,0,0
Mon Jul 22 2019,0,0,0,0,0,0,0,0,0,0,0,0
Tue Jul 23 2019,0,0,0,0,0,0,0,0,0,0,0,0
Wed Jul 24 2019,0,0,0,0,0,0,0,0,0,0,0,0
Thu Jul 25 2019,0,0,0,0,0,0,0,0,0,0,0,0
Fri Jul 26 2019,0,0,0,0,0,0,0,0,0,0,0,0
Sat Jul 27 2019,11,2,0.06,0,0,171,2,1,0,0,0,0
Sun Jul 28 2019,17,3,0.09,0,0,187,4,2,0,0,0,0
Mon Jul 29 2019,0,0,0,0,0,0,0,0,0,0,0,0
Tue Jul 30 2019,0,0,0,0,0,0,0,0,0,0,0,0
Wed Jul 31 2019,0,0,0,0,0,0,0,0,0,0,0,0
Thu Aug 01 2019,0,0,0,0,0,0,0,0,0,0,0,0
Fri Aug 02 2019,0,0,0,0,0,0,0,0,0,0,0,0
Sat Aug 03 2019,0,0,0,0,0,0,0,0,0,0,0,0
Sun Aug 04 2019,0,0,0,0,0,0,0,0,0,0,0,0
Mon Aug 05 2019,0,0,0,0,0,0,0,0,0,0,0,0
Tue Aug 06 2019,0,0,0,0,0,0,0,0,0,0,0,0
Wed Aug 07 2019,0,0,0,0,0,0,0,0,0,0,0,0
Thu Aug 08 2019,0,0,0,0,0,0,0,0,0,0,0,0
Fri Aug 09 2019,0,0,0,0,0,0,0,0,0,0,0,0
Sat Aug 10 2019,0,0,0,0,0,0,0,0,0,0,0,0
Sun Aug 11 2019,0,0,0,0,0,0,0,0,0,0,0,0
Mon Aug 12 2019,0,0,0,0,0,0,0,0,0,0,0,0
Tue Aug 13 2019,0,0,0,0,0,0,0,0,0,0,0,0
Wed Aug 14 2019,0,0,0,0,0,0,0,0,0,0,0,0
Thu Aug 15 2019,0,0,0,0,0,0,0,0,0,0,0,0
Fri Aug 16 2019,0,0,0,0,0,0,0,0,0,0,0,0
Sat Aug 17 2019,0,0,0,0,0,0,0,0,0,0,0,0
Sun Aug 18 2019,0,0,0,0,0,0,0,0,0,0,0,0
Mon Aug 19 2019,0,0,0,0,0,0,0,0,0,0,0,0
Tue Aug 20 2019,0,0,0,0,0,0,0,0,0,0,0,0
Wed Aug 21 2019,0,0,0,0,0,0,0,0,0,0,0,0
Thu Aug 22 2019,0,0,0,0,0,0,0,0,0,0,0,0
Fri Aug 23 2019,0,0,0,0,0,0,0,0,0,0,0,0
Sat Aug 24 2019,0,0,0,0,0,0,0,0,0,0,0,0
Sun Aug 25 2019,0,0,0,0,0,0,0,0,0,0,0,0
Mon Aug 26 2019,0,0,0,0,0,0,0,0,0,0,0,0
Tue Aug 27 2019,0,0,0,0,0,0,0,0,0,0,0,0
Wed Aug 28 2019,0,0,0,0,0,0,0,0,0,0,0,0
Thu Aug 29 2019,0,0,0,0,0,0,0,0,0,0,0,0
Fri Aug 30 2019,0,0,0,0,0,0,0,0,0,0,0,0
Sat Aug 31 2019,2,1,0.02,0,0,113,1,1,0,0,0,0
Sun Sep 01 2019,0,0,0,0,0,0,0,0,0,0,0,0
Mon Sep 02 2019,0,0,0,0,0,0,0,0,0,0,0,0
Tue Sep 03 2019,0,0,0,0,0,0,0,0,0,0,0,0
Wed Sep 04 2019,0,0,0,0,0,0,0,0,0,0,0,0
Thu Sep 05 2019,0,0,0,0,0,0,0,0,0,0,0,0
Fri Sep 06 2019,0,0,0,0,0,0,0,0,0,0,0,0
Sat Sep 07 2019,0,0,0,0,0,0,0,0,0,0,0,0
Sun Sep 08 2019,0,0,0,0,0,0,0,0,0,0,0,0
Mon Sep 09 2019,0,0,0,0,0,0,0,0,0,0,0,0
Tue Sep 10 2019,0,0,0,0,0,0,0,0,0,0,0,0
Wed Sep 11 2019,0,0,0,0,0,0,0,0,0,0,0,0
Thu Sep 12 2019,0,0,0,0,0,0,0,0,0,0,0,0
Fri Sep 13 2019,0,0,0,0,0,0,0,0,0,0,0,0
Sat Sep 14 2019,0,0,0,0,0,0,0,0,0,0,0,0
Sun Sep 15 2019,0,0,0,0,0,0,0,0,0,0,0,0
Mon Sep 16 2019,0,0,0,0,0,0,0,0,0,0,0,0
Tue Sep 17 2019,0,0,0,0,0,0,0,0,0,0,0,0
Wed Sep 18 2019,0,0,0,0,0,0,0,0,0,0,0,0
Thu Sep 19 2019,0,0,0,0,0,0,0,0,0,0,0,0
Fri Sep 20 2019,68,6,0.2,1,1,335,6,2,0,2,0,0
Sat Sep 21 2019,3,0,0.05,0,0,68,0,1,0,0,0,0
Sun Sep 22 2019,86,8,0.19,0,1,459,10,3,0,1,0,0
Mon Sep 23 2019,55,3,0.42,1,1,133,4,2,0,1,0,0
Tue Sep 24 2019,38,15,0.18,0,3,210,17,2,0,12,0,0
Wed Sep 25 2019,35,12,0.11,0,1,316,13,3,0,1,0,0
Thu Sep 26 2019,124,24,0.28,0,3,443,26,2,0,4,0,0
Fri Sep 27 2019,115,15,0.64,0,1,180,16,3,0,1,0,0
Sat Sep 28 2019,0,0,0,0,0,0,0,0,0,0,0,0
Sun Sep 29 2019,0,0,0,0,0,0,0,0,0,0,0,0
Mon Sep 30 2019,457,27,1.33,1,3,345,32,3,0,5,0,0
Tue Oct 01 2019,39,11,0.12,0,0,341,12,2,0,0,0,0
Wed Oct 02 2019,21,7,0.18,0,0,119,7,5,0,0,0,0
Thu Oct 03 2019,0,0,0,0,0,0,0,0,0,0,0,0
Fri Oct 04 2019,0,0,0,0,0,0,0,0,0,0,0,0
Sat Oct 05 2019,0,0,0,0,0,0,0,0,0,0,0,0
Sun Oct 06 2019,12,6,0.04,0,0,291,6,2,0,0,0,0
Mon Oct 07 2019,0,0,0,0,0,0,0,0,0,0,0,0
Tue Oct 08 2019,5,1,0.29,0,0,47,1,1,0,0,0,0
Wed Oct 09 2019,0,0,0,0,0,0,0,0,0,0,0,0
Thu Oct 10 2019,28,11,0.12,0,1,332,12,1,0,1,0,0
Fri Oct 11 2019,127,6,0.9,1,1,215,8,3,0,1,0,0
Sat Oct 12 2019,16,8,0.23,1,1,85,8,1,0,3,0,0
Sun Oct 13 2019,45,8,0.21,0,3,223,9,1,0,16,0,0
Mon Oct 14 2019,252,10,2.21,0,2,118,11,4,0,2,1,0
Tue Oct 15 2019,46,0,2,0,0,23,0,2,0,0,0,0
Wed Oct 16 2019,46,20,0.18,0,1,260,21,2,0,1,1,0
Thu Oct 17 2019,0,0,0,0,0,0,0,0,0,0,0,0
Fri Oct 18 2019,6,3,0.04,0,0,401,3,1,0,0,0,0
Sat Oct 19 2019,5,3,0.24,0,0,57,4,1,0,0,0,0
Sun Oct 20 2019,55,21,0.14,1,0,433,24,1,0,0,0,0
Mon Oct 21 2019,0,0,0,0,0,0,0,0,0,0,0,0
Tue Oct 22 2019,17,6,0.13,1,0,135,7,2,0,0,0,0
Wed Oct 23 2019,43,22,0.1,2,0,438,27,3,0,0,0,0
Thu Oct 24 2019,5,2,0.06,0,0,89,2,1,0,0,0,0
Fri Oct 25 2019,30,15,0.11,1,1,286,15,1,0,3,0,0
Sat Oct 26 2019,0,0,0,0,0,0,0,0,0,0,0,0
Sun Oct 27 2019,13,6,0.16,0,2,86,7,2,0,2,0,0
Mon Oct 28 2019,0,0,0,0,0,0,0,0,0,0,0,0
Tue Oct 29 2019,46,7,0.28,0,1,165,9,2,0,1,0,0
Wed Oct 30 2019,2,1,0.09,0,0,76,1,1,0,0,0,0
Thu Oct 31 2019,172,20,0.91,0,0,203,22,2,0,0,0,0
Fri Nov 01 2019,14,5,0.16,0,1,103,5,1,0,1,0,0
Sat Nov 02 2019,52,17,0.24,0,0,231,25,2,0,0,0,0
Sun Nov 03 2019,0,0,0,0,0,0,0,0,0,0,0,0
Mon Nov 04 2019,0,0,0,0,0,0,0,0,0,0,0,0
Tue Nov 05 2019,0,0,0,0,0,0,0,0,0,0,0,0
Wed Nov 06 2019,15,4,0.54,0,0,66,4,1,0,0,0,0
Thu Nov 07 2019,0,0,0,0,0,0,0,0,0,0,0,0
Fri Nov 08 2019,0,0,0,0,0,0,0,0,0,0,0,0
Sat Nov 09 2019,0,0,0,0,0,2,0,0,0,0,2,0
Sun Nov 10 2019,10,3,0.19,1,1,58,4,1,0,1,0,0
Mon Nov 11 2019,0,0,0,0,0,0,0,0,0,0,0,0
Tue Nov 12 2019,0,0,0,0,0,0,0,0,0,0,0,0
Wed Nov 13 2019,0,0,0,0,0,0,0,0,0,0,0,0
Thu Nov 14 2019,0,0,0,0,0,0,0,0,0,0,0,0
Fri Nov 15 2019,0,0,0,0,0,0,0,0,0,0,0,0
Sat Nov 16 2019,38,14,0.29,0,1,210,14,2,0,1,0,0
Sun Nov 17 2019,98,13,0.77,0,2,132,14,2,0,2,0,0
Mon Nov 18 2019,0,0,0,0,0,0,0,0,0,0,0,0
Tue Nov 19 2019,0,0,0,0,0,0,0,0,0,0,0,0
Wed Nov 20 2019,0,0,0,0,0,0,0,0,0,0,0,0
Thu Nov 21 2019,0,0,0,0,0,0,0,0,0,0,0,0
Fri Nov 22 2019,0,0,0,0,0,0,0,0,0,0,0,0
Sat Nov 23 2019,238,24,1.01,0,1,241,24,2,0,1,0,0
Sun Nov 24 2019,0,0,0,0,0,0,0,0,0,0,0,0
Mon Nov 25 2019,0,0,0,0,0,0,0,0,0,0,0,0
Tue Nov 26 2019,21,9,0.08,0,0,358,10,2,0,0,0,0
Wed Nov 27 2019,55,17,0.18,0,3,373,23,2,0,3,0,0
Thu Nov 28 2019,62,25,0.16,0,2,565,30,2,0,6,0,0
Fri Nov 29 2019,261,21,0.57,1,4,545,27,4,0,6,3,0
Sat Nov 30 2019,75,18,0.22,0,3,424,21,2,0,5,0,0
Sun Dec 01 2019,59,9,0.22,1,2,270,9,1,0,4,0,0
Mon Dec 02 2019,0,0,0,0,0,0,0,0,0,0,0,0
Tue Dec 03 2019,0,0,0,0,0,0,0,0,0,0,0,0
Wed Dec 04 2019,0,0,0,0,0,0,0,0,0,0,0,0
Thu Dec 05 2019,14,6,0.15,0,0,334,6,1,0,0,0,0
Fri Dec 06 2019,7,3,0.09,0,0,149,4,1,0,0,0,0
Sat Dec 07 2019,0,0,0,0,0,0,0,0,0,0,0,0
Sun Dec 08 2019,0,0,0,0,0,0,0,0,0,0,0,0
Mon Dec 09 2019,0,0,0,0,0,0,0,0,0,0,0,0
Tue Dec 10 2019,0,0,0,0,0,0,0,0,0,0,0,0
Wed Dec 11 2019,0,0,0,0,0,0,0,0,0,0,0,0
Thu Dec 12 2019,20,7,0.17,0,0,257,8,2,0,0,0,0
Fri Dec 13 2019,60,13,0.2,0,1,344,13,2,0,2,0,0
Sat Dec 14 2019,0,0,0,0,0,0,0,0,0,0,0,0
Sun Dec 15 2019,0,0,0,0,0,0,0,0,0,0,0,0
Mon Dec 16 2019,0,0,0,0,0,0,0,0,0,0,0,0
Tue Dec 17 2019,0,0,0,0,0,0,0,0,0,0,0,0
Wed Dec 18 2019,0,0,0,0,0,0,0,0,0,0,0,0
Thu Dec 19 2019,0,0,0,0,0,0,0,0,0,0,0,0
Fri Dec 20 2019,0,0,0,0,0,0,0,0,0,0,0,0
Sat Dec 21 2019,0,0,0,0,0,0,0,0,0,0,0,0
Sun Dec 22 2019,0,0,0,0,0,0,0,0,0,0,0,0
Mon Dec 23 2019,0,0,0,0,0,0,0,0,0,0,0,0
Tue Dec 24 2019,0,0,0,0,0,0,0,0,0,0,0,0
Wed Dec 25 2019,0,0,0,0,0,0,0,0,0,0,0,0
Thu Dec 26 2019,0,0,0,0,0,0,0,0,0,0,0,0
Fri Dec 27 2019,0,0,0,1,0,0,0,0,0,0,0,0
Sat Dec 28 2019,14,5,0.36,0,0,56,5,1,0,0,0,0
Sun Dec 29 2019,4,2,0.06,1,0,108,2,1,0,0,0,0
Mon Dec 30 2019,4,2,0.12,0,1,64,2,1,0,2,0,0
Tue Dec 31 2019,0,0,0,0,0,0,0,0,0,0,0,0
Wed Jan 01 2020,0,0,0,0,0,0,0,0,0,0,0,0
Thu Jan 02 2020,0,0,0,0,0,0,0,0,0,0,0,0
Fri Jan 03 2020,0,0,0,0,0,0,0,0,0,0,0,0
Sat Jan 04 2020,0,0,0,0,0,0,0,0,0,0,0,0
Sun Jan 05 2020,0,0,0,0,0,0,0,0,0,0,0,0
Mon Jan 06 2020,1,0,0.05,0,0,265,0,1,0,0,0,0
Tue Jan 07 2020,54,1,0.43,0,1,211,1,1,0,2,0,0
Wed Jan 08 2020,0,0,0,0,0,0,0,0,0,0,0,0
Thu Jan 09 2020,0,0,0,0,0,0,0,0,0,0,0,0
Fri Jan 10 2020,6,1,0.1,0,1,169,1,1,0,1,0,0
Sat Jan 11 2020,6,2,0.04,0,0,274,2,1,0,0,0,0
Sun Jan 12 2020,0,0,0,0,0,0,0,0,0,0,0,0
Mon Jan 13 2020,0,0,0,0,0,185,0,0,0,0,0,0
Tue Jan 14 2020,0,0,0,0,0,0,0,0,0,0,0,0
Wed Jan 15 2020,0,0,0,0,0,0,0,0,0,0,0,0
Thu Jan 16 2020,9,7,0.04,0,0,331,7,1,0,0,0,0
Fri Jan 17 2020,1,0,0.02,0,0,204,0,1,0,0,0,0
Sat Jan 18 2020,6,2,0.03,0,0,392,2,1,0,0,0,0
Sun Jan 19 2020,2,1,0.03,0,0,83,1,1,0,0,0,0
Mon Jan 20 2020,11,3,0.03,0,0,448,3,1,0,0,0,0
Tue Jan 21 2020,132,12,1,0,1,133,13,2,0,1,0,0
Wed Jan 22 2020,60,9,0.48,0,0,194,12,2,0,0,0,0
Thu Jan 23 2020,33,5,0.19,0,1,350,5,1,0,8,0,0
Fri Jan 24 2020,190,25,0.41,0,7,567,30,2,0,8,0,0
Sat Jan 25 2020,58,27,0.13,0,1,496,29,1,0,1,0,0
Sun Jan 26 2020,2,1,0.04,0,0,47,1,1,0,0,0,0
Mon Jan 27 2020,0,0,0,0,0,0,0,0,0,0,0,0
Tue Jan 28 2020,5,2,0.1,0,0,209,3,1,0,0,0,0
Wed Jan 29 2020,21,9,0.11,0,0,323,9,2,0,0,0,0
Thu Jan 30 2020,24,10,0.08,0,1,317,11,1,0,1,0,0
Fri Jan 31 2020,0,0,0,0,0,0,0,0,0,0,0,0
Sat Feb 01 2020,99,14,0.3,0,2,352,16,2,0,5,0,0
Sun Feb 02 2020,70,25,0.21,0,2,356,29,2,0,2,1,0
Mon Feb 03 2020,0,0,0,0,0,0,0,0,0,0,0,0
Tue Feb 04 2020,0,0,0,0,0,0,0,0,0,0,0,0
Wed Feb 05 2020,0,0,0,0,0,0,0,0,0,0,0,0
Thu Feb 06 2020,11,6,0.07,1,1,244,7,1,0,1,0,0
Fri Feb 07 2020,35,15,0.11,1,1,350,18,1,0,1,1,0
Sat Feb 08 2020,7,4,0.16,0,0,52,4,1,0,0,0,0
Sun Feb 09 2020,9,4,0.1,0,0,104,6,2,0,0,0,0
Mon Feb 10 2020,17,9,0.17,0,0,120,10,1,0,0,0,0
Tue Feb 11 2020,0,0,0,0,0,0,0,0,0,0,0,0
Wed Feb 12 2020,0,0,0,0,0,0,0,0,0,0,0,0
Thu Feb 13 2020,0,0,0,0,0,0,0,0,0,0,0,0
Fri Feb 14 2020,2,1,0.02,0,0,104,1,1,0,0,0,0
Sat Feb 15 2020,16,6,0.13,0,0,122,6,1,0,0,0,0
Sun Feb 16 2020,112,4,0.79,0,0,142,10,3,0,0,0,0
Mon Feb 17 2020,23,13,0.08,0,0,275,13,1,0,0,0,0
Tue Feb 18 2020,18,2,0.35,0,0,51,4,1,0,0,0,0
Wed Feb 19 2020,12,8,0.1,1,0,119,9,2,0,0,0,0
Thu Feb 20 2020,25,7,0.19,0,0,133,7,1,0,0,0,0
Fri Feb 21 2020,162,24,0.42,2,2,383,35,2,0,4,0,0
Sat Feb 22 2020,0,0,0,0,0,0,0,0,0,0,0,0
Sun Feb 23 2020,0,0,0,0,0,0,0,0,0,0,0,0
Mon Feb 24 2020,0,0,0,0,0,0,0,0,0,0,0,0
Tue Feb 25 2020,0,0,0,0,0,0,0,0,0,0,0,0
Wed Feb 26 2020,0,0,0,0,0,0,0,0,0,0,0,0
Thu Feb 27 2020,0,0,0,0,0,0,0,0,0,0,0,0
Fri Feb 28 2020,0,0,0,0,0,0,0,0,0,0,0,0
Sat Feb 29 2020,0,0,0,0,0,0,0,0,0,0,0,0
Sun Mar 01 2020,0,0,0,0,0,0,0,0,0,0,0,0
Mon Mar 02 2020,0,0,0,0,0,0,0,0,0,0,0,0
Tue Mar 03 2020,0,0,0,0,0,0,0,0,0,0,0,0
Wed Mar 04 2020,0,0,0,0,0,0,0,0,0,0,0,0
Thu Mar 05 2020,0,0,0,0,0,0,0,0,0,0,0,0
Fri Mar 06 2020,0,0,0,0,0,0,0,0,0,0,0,0
Sat Mar 07 2020,0,0,0,0,0,0,0,0,0,0,0,0
Sun Mar 08 2020,0,0,0,0,0,0,0,0,0,0,0,0
Mon Mar 09 2020,0,0,0,0,0,0,0,0,0,0,0,0
Tue Mar 10 2020,0,0,0,0,0,0,0,0,0,0,0,0
Wed Mar 11 2020,24,12,0.24,0,0,101,12,3,0,0,0,0
Thu Mar 12 2020,0,0,0,0,0,0,0,0,0,0,0,0
Fri Mar 13 2020,0,0,0,0,0,0,0,0,0,0,0,0
Sat Mar 14 2020,0,0,0,0,0,0,0,0,0,0,0,0
Sun Mar 15 2020,0,0,0,0,0,0,0,0,0,0,0,0
Mon Mar 16 2020,0,0,0,0,0,0,0,0,0,0,0,0
Tue Mar 17 2020,0,0,0,0,0,0,0,0,0,0,0,0
Wed Mar 18 2020,24,13,0.06,1,1,370,13,1,0,1,0,0
Thu Mar 19 2020,0,0,0,0,0,0,0,0,0,0,0,0
Fri Mar 20 2020,6,3,0.06,0,0,104,3,1,0,0,0,0
Sat Mar 21 2020,29,13,0.12,0,0,251,14,1,0,0,0,0
Sun Mar 22 2020,84,19,0.25,0,5,340,22,3,0,29,0,0
Mon Mar 23 2020,18,7,0.04,0,1,498,7,1,0,1,0,0
Tue Mar 24 2020,0,0,0,0,0,0,0,0,0,0,0,0
Wed Mar 25 2020,0,0,0,0,0,0,0,0,0,0,0,0
Thu Mar 26 2020,0,0,0,0,0,0,0,0,0,0,0,0
Fri Mar 27 2020,0,0,0,0,0,0,0,0,0,0,0,0
Sat Mar 28 2020,106,19,0.32,1,2,327,31,1,0,8,0,0
Sun Mar 29 2020,57,13,0.21,0,1,276,18,2,0,1,0,0
Mon Mar 30 2020,0,0,0,0,0,0,0,0,0,0,0,0
Tue Mar 31 2020,1,1,0.02,0,0,63,1,1,0,0,1,0
Wed Apr 01 2020,162,30,0.38,0,0,428,36,2,0,0,0,0
Thu Apr 02 2020,78,11,0.32,0,0,241,14,2,0,0,0,0
Fri Apr 03 2020,56,22,0.18,0,1,309,26,2,0,2,0,0
Sat Apr 04 2020,175,19,0.35,1,4,502,24,2,0,7,0,0
Sun Apr 05 2020,0,0,0,0,0,0,0,0,0,0,0,0
Mon Apr 06 2020,0,0,0,0,0,0,0,0,0,0,0,0
Tue Apr 07 2020,51,12,0.23,0,0,221,15,3,0,0,0,0
Wed Apr 08 2020,282,21,0.57,1,3,497,24,3,0,3,0,0
Thu Apr 09 2020,5,5,0.07,0,0,70,6,1,0,0,1,0
Fri Apr 10 2020,0,0,0,0,0,0,0,0,0,0,0,0
Sat Apr 11 2020,0,0,0,0,0,0,0,0,0,0,0,0
Sun Apr 12 2020,53,21,0.19,0,1,277,26,2,0,1,0,0
Mon Apr 13 2020,74,8,0.35,0,1,213,9,1,0,1,0,0
Tue Apr 14 2020,14,6,0.18,0,0,78,8,1,0,0,0,0
Wed Apr 15 2020,0,0,0,0,0,0,0,0,0,0,0,0
Thu Apr 16 2020,0,0,0,0,0,0,0,0,0,0,0,0
Fri Apr 17 2020,0,0,0,0,0,0,0,0,0,0,0,0
Sat Apr 18 2020,0,0,0,0,0,0,0,0,0,0,0,0
Sun Apr 19 2020,0,0,0,0,0,0,0,0,0,0,0,0
Mon Apr 20 2020,0,0,0,0,0,0,0,0,0,0,0,0
Tue Apr 21 2020,0,0,0,0,0,0,0,0,0,0,0,0
Wed Apr 22 2020,0,0,0,0,0,0,0,0,0,0,0,0
Thu Apr 23 2020,0,0,0,0,0,0,0,0,0,0,0,0
Fri Apr 24 2020,0,0,0,0,0,0,0,0,0,0,0,0
Sat Apr 25 2020,0,0,0,0,0,0,0,0,0,0,0,0
Sun Apr 26 2020,0,0,0,0,0,0,0,0,0,0,0,0
Mon Apr 27 2020,0,0,0,0,0,0,0,0,0,0,0,0
Tue Apr 28 2020,21,11,0.1,0,1,216,13,1,0,1,0,0
Wed Apr 29 2020,0,0,0,0,0,0,0,0,0,0,0,0
Thu Apr 30 2020,0,0,0,0,0,0,0,0,0,0,0,0
Fri May 01 2020,0,0,0,0,0,0,0,0,0,0,0,0
Sat May 02 2020,0,0,0,0,0,0,0,0,0,0,0,0
Sun May 03 2020,0,0,0,0,0,0,0,0,0,0,0,0
Mon May 04 2020,0,0,0,0,0,0,0,0,0,0,0,0
Tue May 05 2020,0,0,0,0,0,0,0,0,0,0,0,0
Wed May 06 2020,0,0,0,0,0,0,0,0,0,0,0,0
Thu May 07 2020,0,0,0,0,0,0,0,0,0,0,0,0
Fri May 08 2020,15,4,0.14,0,0,106,4,1,0,0,0,0
Sat May 09 2020,0,0,0,0,0,0,0,0,0,0,0,0
Sun May 10 2020,0,0,0,0,0,0,0,0,0,0,0,0
Mon May 11 2020,51,19,0.15,0,1,338,19,1,0,4,0,0
Tue May 12 2020,0,0,0,0,0,0,0,0,0,0,0,0
Wed May 13 2020,0,0,0,0,0,0,0,0,0,0,0,0
Thu May 14 2020,0,0,0,0,0,0,0,0,0,0,0,0
Fri May 15 2020,0,0,0,0,0,0,0,0,0,0,0,0
Sat May 16 2020,0,0,0,0,0,0,0,0,0,0,0,0
Sun May 17 2020,0,0,0,0,0,0,0,0,0,0,0,0
Mon May 18 2020,0,0,0,0,0,0,0,0,0,0,0,0
Tue May 19 2020,0,0,0,0,0,0,0,0,0,0,0,0
Wed May 20 2020,0,0,0,0,0,0,0,0,0,0,0,0
Thu May 21 2020,0,0,0,0,0,0,0,0,0,0,0,0
Fri May 22 2020,0,0,0,0,0,0,0,0,0,0,0,0
Sat May 23 2020,0,0,0,0,0,0,0,0,0,0,0,0
Sun May 24 2020,0,0,0,0,0,0,0,0,0,0,0,0
Mon May 25 2020,0,0,0,0,0,0,0,0,0,0,0,0
Tue May 26 2020,0,0,0,0,0,0,0,0,0,0,0,0
Wed May 27 2020,0,0,0,0,0,0,0,0,0,0,0,0
Thu May 28 2020,0,0,0,0,0,0,0,0,0,0,0,0
Fri May 29 2020,0,0,0,0,0,0,0,0,0,0,0,0
Sat May 30 2020,0,0,0,0,0,0,0,0,0,0,0,0
Sun May 31 2020,29,14,0.3,0,1,95,18,1,0,1,1,0
Mon Jun 01 2020,0,0,0,0,0,0,0,0,0,0,0,0
Tue Jun 02 2020,0,0,0,1,0,0,0,0,0,0,0,0
Wed Jun 03 2020,0,0,0,0,0,0,0,0,0,0,0,0
Thu Jun 04 2020,0,0,0,0,0,0,0,0,0,0,0,0
Fri Jun 05 2020,0,0,0,0,0,0,0,0,0,0,0,0
Sat Jun 06 2020,0,0,0,0,0,0,0,0,0,0,0,0
Sun Jun 07 2020,0,0,0,0,0,0,0,0,0,0,0,0
Mon Jun 08 2020,0,0,0,0,0,0,0,0,0,0,0,0
Tue Jun 09 2020,0,0,0,0,0,0,0,0,0,0,0,0
Wed Jun 10 2020,0,0,0,0,0,0,0,0,0,0,0,0
Thu Jun 11 2020,0,0,0,0,0,0,0,0,0,0,0,0
Fri Jun 12 2020,0,0,0,0,0,0,0,0,0,0,0,0
Sat Jun 13 2020,0,0,0,0,0,0,0,0,0,0,0,0
Sun Jun 14 2020,0,0,0,0,0,0,0,0,0,0,0,0
Mon Jun 15 2020,0,0,0,0,0,0,0,0,0,0,0,0
Tue Jun 16 2020,0,0,0,0,0,0,0,0,0,0,0,0
Wed Jun 17 2020,0,0,0,0,0,0,0,0,0,0,0,0
Thu Jun 18 2020,0,0,0,0,0,0,0,0,0,0,0,0
Fri Jun 19 2020,0,0,0,0,0,0,0,0,0,0,0,0
Sat Jun 20 2020,0,0,0,0,0,0,0,0,0,0,0,0
Sun Jun 21 2020,0,0,0,0,0,0,0,0,0,0,0,0
Mon Jun 22 2020,0,0,0,0,0,0,0,0,0,0,0,0
Tue Jun 23 2020,0,0,0,0,0,0,0,0,0,0,0,0
Wed Jun 24 2020,0,0,0,0,0,0,0,0,0,0,0,0
Thu Jun 25 2020,0,0,0,0,0,0,0,0,0,0,0,0
Fri Jun 26 2020,0,0,0,0,0,0,0,0,0,0,0,0
Sat Jun 27 2020,0,0,0,0,0,0,0,0,0,0,0,0
Sun Jun 28 2020,0,0,0,0,0,0,0,0,0,0,0,0
Mon Jun 29 2020,0,0,0,0,0,0,0,0,0,0,0,0
Tue Jun 30 2020,0,0,0,0,0,0,0,0,0,0,0,0
Wed Jul 01 2020,0,0,0,0,0,0,0,0,0,0,0,0
Thu Jul 02 2020,0,0,0,0,0,0,0,0,0,0,0,0
Fri Jul 03 2020,0,0,0,0,0,0,0,0,0,0,0,0
Sat Jul 04 2020,0,0,0,0,0,0,0,0,0,0,0,0
Sun Jul 05 2020,0,0,0,0,0,0,0,0,0,0,0,0
Mon Jul 06 2020,0,0,0,0,0,0,0,0,0,0,0,0
Tue Jul 07 2020,0,0,0,0,0,0,0,0,0,0,0,0
Wed Jul 08 2020,0,0,0,0,0,0,0,0,0,0,0,0
Thu Jul 09 2020,0,0,0,0,0,0,0,0,0,0,0,0
Fri Jul 10 2020,0,0,0,0,0,0,0,0,0,0,0,0
Sat Jul 11 2020,0,0,0,0,0,0,0,0,0,0,0,0
Sun Jul 12 2020,0,0,0,0,0,0,0,0,0,0,0,0
Mon Jul 13 2020,0,0,0,0,0,0,0,0,0,0,0,0
Tue Jul 14 2020,0,0,0,0,0,0,0,0,0,0,0,0
Wed Jul 15 2020,0,0,0,0,0,0,0,0,0,0,0,0
Thu Jul 16 2020,0,0,0,0,0,0,0,0,0,0,0,0
Fri Jul 17 2020,0,0,0,0,0,0,0,0,0,0,0,0
Sat Jul 18 2020,0,0,0,0,0,0,0,0,0,0,0,0
Sun Jul 19 2020,0,0,0,0,0,0,0,0,0,0,0,0
Mon Jul 20 2020,0,0,0,0,0,0,0,0,0,0,0,0
Tue Jul 21 2020,0,0,0,0,0,0,0,0,0,0,0,0
Wed Jul 22 2020,0,0,0,0,0,0,0,0,0,0,0,0
Thu Jul 23 2020,0,0,0,0,0,0,0,0,0,0,0,0
Fri Jul 24 2020,0,0,0,0,0,0,0,0,0,0,0,0
Sat Jul 25 2020,0,0,0,0,0,0,0,0,0,0,0,0
Sun Jul 26 2020,0,0,0,0,0,0,0,0,0,0,0,0
Mon Jul 27 2020,0,0,0,0,0,0,0,0,0,0,0,0
Tue Jul 28 2020,0,0,0,0,0,0,0,0,0,0,0,0
Wed Jul 29 2020,0,0,0,0,0,0,0,0,0,0,0,0
Thu Jul 30 2020,0,0,0,0,0,0,0,0,0,0,0,0
Fri Jul 31 2020,0,0,0,0,0,0,0,0,0,0,0,0
Sat Aug 01 2020,0,0,0,0,0,0,0,0,0,0,0,0
Sun Aug 02 2020,0,0,0,0,0,0,0,0,0,0,0,0
Mon Aug 03 2020,0,0,0,0,0,0,0,0,0,0,0,0
Tue Aug 04 2020,0,0,0,0,0,0,0,0,0,0,0,0
Wed Aug 05 2020,0,0,0,0,0,0,0,0,0,0,0,0
Thu Aug 06 2020,0,0,0,0,0,0,0,0,0,0,0,0
Fri Aug 07 2020,0,0,0,0,0,0,0,0,0,0,0,0
Sat Aug 08 2020,0,0,0,0,0,0,0,0,0,0,0,0
Sun Aug 09 2020,0,0,0,0,0,0,0,0,0,0,0,0
Mon Aug 10 2020,0,0,0,0,0,0,0,0,0,0,0,0
Tue Aug 11 2020,0,0,0,0,0,0,0,0,0,0,0,0
Wed Aug 12 2020,0,0,0,0,0,0,0,0,0,0,0,0
Thu Aug 13 2020,0,0,0,0,0,0,0,0,0,0,0,0
Fri Aug 14 2020,0,0,0,0,0,0,0,0,0,0,0,0
Sat Aug 15 2020,0,0,0,0,0,0,0,0,0,0,0,0
Sun Aug 16 2020,0,0,0,0,0,0,0,0,0,0,0,0
Mon Aug 17 2020,0,0,0,0,0,0,0,0,0,0,0,0
Tue Aug 18 2020,0,0,0,0,0,0,0,0,0,0,0,0
Wed Aug 19 2020,0,0,0,0,0,0,0,0,0,0,0,0
Thu Aug 20 2020,0,0,0,0,0,0,0,0,0,0,0,0
Fri Aug 21 2020,0,0,0,0,0,0,0,0,0,0,0,0
Sat Aug 22 2020,0,0,0,0,0,0,0,0,0,0,0,0
Sun Aug 23 2020,0,0,0,0,0,0,0,0,0,0,0,0
Mon Aug 24 2020,0,0,0,0,0,0,0,0,0,0,0,0
Tue Aug 25 2020,0,0,0,0,0,0,0,0,0,0,0,0
Wed Aug 26 2020,0,0,0,0,0,0,0,0,0,0,0,0
Thu Aug 27 2020,0,0,0,0,0,0,0,0,0,0,0,0
Fri Aug 28 2020,0,0,0,0,0,0,0,0,0,0,0,0
Sat Aug 29 2020,0,0,0,0,0,0,0,0,0,0,0,0
Sun Aug 30 2020,0,0,0,0,0,0,0,0,0,0,0,0
Mon Aug 31 2020,0,0,0,0,0,0,0,0,0,0,0,0
Tue Sep 01 2020,0,0,0,0,0,0,0,0,0,0,0,0
Wed Sep 02 2020,0,0,0,0,0,0,0,0,0,0,0,0
Thu Sep 03 2020,0,0,0,0,0,0,0,0,0,0,0,0
Fri Sep 04 2020,0,0,0,0,0,0,0,0,0,0,0,0
Sat Sep 05 2020,0,0,0,0,0,0,0,0,0,0,0,0
Sun Sep 06 2020,0,0,0,0,0,0,0,0,0,0,0,0
Mon Sep 07 2020,0,0,0,0,0,0,0,0,0,0,0,0
Tue Sep 08 2020,0,0,0,0,0,0,0,0,0,0,0,0
Wed Sep 09 2020,0,0,0,0,0,0,0,0,0,0,0,0
Thu Sep 10 2020,0,0,0,0,0,0,0,0,0,0,0,0
Fri Sep 11 2020,0,0,0,0,0,0,0,0,0,0,0,0
Sat Sep 12 2020,0,0,0,0,0,0,0,0,0,0,0,0
Sun Sep 13 2020,0,0,0,0,0,0,0,0,0,0,0,0
Mon Sep 14 2020,0,0,0,0,0,0,0,0,0,0,0,0
Tue Sep 15 2020,0,0,0,0,0,0,0,0,0,0,0,0
Wed Sep 16 2020,0,0,0,0,0,0,0,0,0,0,0,0
Thu Sep 17 2020,0,0,0,0,0,0,0,0,0,0,0,0
Fri Sep 18 2020,0,0,0,0,0,0,0,0,0,0,0,0
Sat Sep 19 2020,0,0,0,0,0,0,0,0,0,0,0,0
Sun Sep 20 2020,0,0,0,0,0,0,0,0,0,0,0,0
Mon Sep 21 2020,0,0,0,0,0,0,0,0,0,0,0,0
Tue Sep 22 2020,0,0,0,0,0,0,0,0,0,0,0,0
Wed Sep 23 2020,0,0,0,0,0,0,0,0,0,0,0,0
Thu Sep 24 2020,0,0,0,0,0,0,0,0,0,0,0,0
Fri Sep 25 2020,0,0,0,0,0,0,0,0,0,0,0,0
Sat Sep 26 2020,0,0,0,0,0,0,0,0,0,0,0,0
Sun Sep 27 2020,0,0,0,0,0,0,0,0,0,0,0,0
Mon Sep 28 2020,0,0,0,0,0,0,0,0,0,0,0,0
Tue Sep 29 2020,0,0,0,0,0,0,0,0,0,0,0,0
Wed Sep 30 2020,0,0,0,0,0,0,0,0,0,0,0,0
Thu Oct 01 2020,0,0,0,0,0,0,0,0,0,0,0,0
Fri Oct 02 2020,0,0,0,0,0,0,0,0,0,0,0,0
Sat Oct 03 2020,0,0,0,0,0,0,0,0,0,0,0,0
Sun Oct 04 2020,0,0,0,0,0,0,0,0,0,0,0,0
Mon Oct 05 2020,0,0,0,0,0,0,0,0,0,0,0,0
Tue Oct 06 2020,0,0,0,0,0,0,0,0,0,0,0,0
Wed Oct 07 2020,0,0,0,0,0,0,0,0,0,0,0,0
Thu Oct 08 2020,0,0,0,0,0,0,0,0,0,0,0,0
Fri Oct 09 2020,0,0,0,0,0,0,0,0,0,0,0,0
Sat Oct 10 2020,0,0,0,0,0,0,0,0,0,0,0,0
Sun Oct 11 2020,0,0,0,0,0,0,0,0,0,0,0,0
Mon Oct 12 2020,0,0,0,0,0,0,0,0,0,0,0,0
Tue Oct 13 2020,0,0,0,0,0,0,0,0,0,0,0,0
Wed Oct 14 2020,0,0,0,0,0,0,0,0,0,0,0,0
Thu Oct 15 2020,0,0,0,0,0,0,0,0,0,0,0,0
Fri Oct 16 2020,0,0,0,0,0,0,0,0,0,0,0,0
Sat Oct 17 2020,0,0,0,0,0,0,0,0,0,0,0,0
Sun Oct 18 2020,0,0,0,0,0,0,0,0,0,0,0,0
Mon Oct 19 2020,0,0,0,0,0,0,0,0,0,0,0,0
Tue Oct 20 2020,0,0,0,0,0,0,0,0,0,0,0,0
Wed Oct 21 2020,0,0,0,0,0,0,0,0,0,0,0,0
Thu Oct 22 2020,0,0,0,0,0,0,0,0,0,0,0,0
Fri Oct 23 2020,0,0,0,0,0,0,0,0,0,0,0,0
Sat Oct 24 2020,0,0,0,0,0,0,0,0,0,0,0,0
Sun Oct 25 2020,0,0,0,0,0,0,0,0,0,0,0,0
Mon Oct 26 2020,0,0,0,0,0,0,0,0,0,0,0,0
Tue Oct 27 2020,0,0,0,0,0,0,0,0,0,0,0,0
Wed Oct 28 2020,0,0,0,0,0,0,0,0,0,0,0,0
Thu Oct 29 2020,0,0,0,0,0,0,0,0,0,0,0,0
Fri Oct 30 2020,0,0,0,0,0,0,0,0,0,0,0,0
Sat Oct 31 2020,0,0,0,0,0,0,0,0,0,0,0,0
Sun Nov 01 2020,0,0,0,0,0,0,0,0,0,0,0,0
Mon Nov 02 2020,0,0,0,0,0,0,0,0,0,0,0,0
Tue Nov 03 2020,0,0,0,0,0,0,0,0,0,0,0,0
Wed Nov 04 2020,0,0,0,0,0,0,0,0,0,0,0,0
Thu Nov 05 2020,0,0,0,0,0,0,0,0,0,0,0,0
Fri Nov 06 2020,0,0,0,0,0,0,0,0,0,0,0,0
Sat Nov 07 2020,0,0,0,0,0,0,0,0,0,0,0,0
Sun Nov 08 2020,0,0,0,0,0,0,0,0,0,0,0,0
Mon Nov 09 2020,0,0,0,0,0,0,0,0,0,0,0,0
Tue Nov 10 2020,0,0,0,0,0,0,0,0,0,0,0,0
Wed Nov 11 2020,0,0,0,0,0,0,0,0,0,0,0,0
Thu Nov 12 2020,0,0,0,0,0,0,0,0,0,0,0,0
Fri Nov 13 2020,0,0,0,0,0,0,0,0,0,0,0,0
Sat Nov 14 2020,0,0,0,0,0,0,0,0,0,0,0,0
Sun Nov 15 2020,0,0,0,0,0,0,0,0,0,0,0,0
Mon Nov 16 2020,0,0,0,0,0,0,0,0,0,0,0,0
Tue Nov 17 2020,0,0,0,0,0,0,0,0,0,0,0,0
Wed Nov 18 2020,0,0,0,0,0,0,0,0,0,0,0,0
Thu Nov 19 2020,0,0,0,0,0,0,0,0,0,0,0,0
Fri Nov 20 2020,0,0,0,0,0,0,0,0,0,0,0,0
Sat Nov 21 2020,0,0,0,0,0,0,0,0,0,0,0,0
Sun Nov 22 2020,0,0,0,0,0,0,0,0,0,0,0,0
Mon Nov 23 2020,0,0,0,0,0,0,0,0,0,0,0,0
Tue Nov 24 2020,0,0,0,0,0,0,0,0,0,0,0,0
Wed Nov 25 2020,0,0,0,0,0,0,0,0,0,0,0,0
Thu Nov 26 2020,0,0,0,0,0,0,0,0,0,0,0,0
Fri Nov 27 2020,0,0,0,0,0,0,0,0,0,0,0,0
Sat Nov 28 2020,0,0,0,0,0,0,0,0,0,0,0,0
Sun Nov 29 2020,0,0,0,0,0,0,0,0,0,0,0,0
Mon Nov 30 2020,0,0,0,0,0,0,0,0,0,0,0,0
Tue Dec 01 2020,0,0,0,0,0,0,0,0,0,0,0,0
Wed Dec 02 2020,0,0,0,0,0,0,0,0,0,0,0,0
Thu Dec 03 2020,0,0,0,0,0,0,0,0,0,0,0,0
Fri Dec 04 2020,0,0,0,0,0,0,0,0,0,0,0,0
Sat Dec 05 2020,0,0,0,0,0,0,0,0,0,0,0,0
Sun Dec 06 2020,0,0,0,0,0,0,0,0,0,0,0,0
Mon Dec 07 2020,0,0,0,0,0,0,0,0,0,0,0,0
Tue Dec 08 2020,0,0,0,0,0,0,0,0,0,0,0,0
Wed Dec 09 2020,0,0,0,0,0,0,0,0,0,0,0,0
Thu Dec 10 2020,0,0,0,0,0,0,0,0,0,0,0,0
Fri Dec 11 2020,0,0,0,0,0,0,0,0,0,0,0,0
Sat Dec 12 2020,0,0,0,0,0,0,0,0,0,0,0,0
Sun Dec 13 2020,0,0,0,0,0,0,0,0,0,0,0,0
Mon Dec 14 2020,0,0,0,0,0,0,0,0,0,0,0,0
Tue Dec 15 2020,0,0,0,0,0,0,0,0,0,0,0,0
Wed Dec 16 2020,0,0,0,0,0,0,0,0,0,0,0,0
Thu Dec 17 2020,0,0,0,0,0,0,0,0,0,0,0,0
Fri Dec 18 2020,0,0,0,0,0,0,0,0,0,0,0,0
Sat Dec 19 2020,0,0,0,0,0,0,0,0,0,0,0,0
Sun Dec 20 2020,0,0,0,0,0,0,0,0,0,0,0,0
Mon Dec 21 2020,0,0,0,0,0,0,0,0,0,0,0,0
Tue Dec 22 2020,0,0,0,0,0,0,0,0,0,0,0,0
Wed Dec 23 2020,0,0,0,0,0,0,0,0,0,0,0,0
Thu Dec 24 2020,0,0,0,0,0,0,0,0,0,0,0,0
Fri Dec 25 2020,0,0,0,0,0,0,0,0,0,0,0,0
Sat Dec 26 2020,0,0,0,0,0,0,0,0,0,0,0,0
Sun Dec 27 2020,0,0,0,0,0,0,0,0,0,0,0,0
Mon Dec 28 2020,0,0,0,0,0,0,0,0,0,0,0,0
Tue Dec 29 2020,0,0,0,0,0,0,0,0,0,0,0,0
Wed Dec 30 2020,0,0,0,0,0,0,0,0,0,0,0,0
Thu Dec 31 2020,0,0,0,0,0,0,0,0,0,0,0,0
Fri Jan 01 2021,0,0,0,0,0,0,0,0,0,0,0,0
Sat Jan 02 2021,0,0,0,0,0,0,0,0,0,0,0,0
Sun Jan 03 2021,0,0,0,0,0,0,0,0,0,0,0,0
Mon Jan 04 2021,0,0,0,0,0,0,0,0,0,0,0,0
Tue Jan 05 2021,0,0,0,0,0,0,0,0,0,0,0,0
Wed Jan 06 2021,0,0,0,0,0,0,0,0,0,0,0,0
Thu Jan 07 2021,0,0,0,0,0,0,0,0,0,0,0,0
Fri Jan 08 2021,0,0,0,0,0,0,0,0,0,0,0,0
Sat Jan 09 2021,0,0,0,0,0,0,0,0,0,0,0,0
Sun Jan 10 2021,0,0,0,0,0,0,0,0,0,0,0,0
Mon Jan 11 2021,0,0,0,0,0,0,0,0,0,0,0,0
Tue Jan 12 2021,0,0,0,0,0,0,0,0,0,0,0,0
Wed Jan 13 2021,0,0,0,0,0,0,0,0,0,0,0,0
Thu Jan 14 2021,0,0,0,0,0,0,0,0,0,0,0,0
Fri Jan 15 2021,0,0,0,0,0,0,0,0,0,0,0,0
Sat Jan 16 2021,0,0,0,0,0,0,0,0,0,0,0,0
Sun Jan 17 2021,0,0,0,0,0,0,0,0,0,0,0,0
Mon Jan 18 2021,0,0,0,0,0,0,0,0,0,0,0,0
Tue Jan 19 2021,0,0,0,0,0,0,0,0,0,0,0,0
Wed Jan 20 2021,0,0,0,0,0,0,0,0,0,0,0,0
Thu Jan 21 2021,0,0,0,0,0,0,0,0,0,0,0,0
Fri Jan 22 2021,0,0,0,0,0,0,0,0,0,0,0,0
Sat Jan 23 2021,0,0,0,0,0,0,0,0,0,0,0,0
Sun Jan 24 2021,0,0,0,0,0,0,0,0,0,0,0,0
Mon Jan 25 2021,0,0,0,0,0,0,0,0,0,0,0,0
Tue Jan 26 2021,0,0,0,0,0,0,0,0,0,0,0,0
Wed Jan 27 2021,0,0,0,0,0,0,0,0,0,0,0,0
Thu Jan 28 2021,0,0,0,0,0,0,0,0,0,0,0,0
Fri Jan 29 2021,0,0,0,0,0,0,0,0,0,0,0,0
Sat Jan 30 2021,0,0,0,0,0,0,0,0,0,0,0,0
Sun Jan 31 2021,0,0,0,0,0,0,0,0,0,0,0,0
Mon Feb 01 2021,0,0,0,0,0,0,0,0,0,0,0,0
Tue Feb 02 2021,0,0,0,0,0,0,0,0,0,0,0,0
Wed Feb 03 2021,0,0,0,0,0,0,0,0,0,0,0,0
Thu Feb 04 2021,0,0,0,0,0,0,0,0,0,0,0,0
Fri Feb 05 2021,0,0,0,0,0,0,0,0,0,0,0,0
Sat Feb 06 2021,0,0,0,0,0,0,0,0,0,0,0,0
Sun Feb 07 2021,0,0,0,0,0,0,0,0,0,0,0,0
Mon Feb 08 2021,0,0,0,0,0,0,0,0,0,0,0,0
Tue Feb 09 2021,0,0,0,0,0,0,0,0,0,0,0,0
Wed Feb 10 2021,0,0,0,0,0,0,0,0,0,0,0,0
Thu Feb 11 2021,0,0,0,0,0,0,0,0,0,0,0,0
Fri Feb 12 2021,0,0,0,0,0,0,0,0,0,0,0,0
Sat Feb 13 2021,0,0,0,0,0,0,0,0,0,0,0,0
Sun Feb 14 2021,0,0,0,0,0,0,0,0,0,0,0,0
Mon Feb 15 2021,0,0,0,0,0,0,0,0,0,0,0,0
Tue Feb 16 2021,0,0,0,0,0,0,0,0,0,0,0,0
Wed Feb 17 2021,0,0,0,0,0,0,0,0,0,0,0,0
Thu Feb 18 2021,0,0,0,0,0,0,0,0,0,0,0,0
Fri Feb 19 2021,0,0,0,0,0,0,0,0,0,0,0,0
Sat Feb 20 2021,0,0,0,0,0,0,0,0,0,0,0,0
Sun Feb 21 2021,0,0,0,0,0,0,0,0,0,0,0,0
Mon Feb 22 2021,0,0,0,0,0,0,0,0,0,0,0,0
Tue Feb 23 2021,0,0,0,0,0,0,0,0,0,0,0,0
Wed Feb 24 2021,0,0,0,0,0,0,0,0,0,0,0,0
Thu Feb 25 2021,0,0,0,0,0,0,0,0,0,0,0,0
Fri Feb 26 2021,0,0,0,0,0,0,0,0,0,0,0,0
Sat Feb 27 2021,0,0,0,0,0,0,0,0,0,0,0,0
Sun Feb 28 2021,0,0,0,0,0,0,0,0,0,0,0,0
Mon Mar 01 2021,0,0,0,0,0,0,0,0,0,0,0,0
Tue Mar 02 2021,0,0,0,0,0,0,0,0,0,0,0,0
Wed Mar 03 2021,0,0,0,0,0,0,0,0,0,0,0,0
Thu Mar 04 2021,0,0,0,0,0,0,0,0,0,0,0,0
Fri Mar 05 2021,0,0,0,0,0,0,0,0,0,0,0,0
Sat Mar 06 2021,0,0,0,0,0,0,0,0,0,0,0,0
Sun Mar 07 2021,0,0,0,0,0,0,0,0,0,0,0,0
Mon Mar 08 2021,0,0,0,0,0,0,0,0,0,0,0,0
Tue Mar 09 2021,0,0,0,0,0,0,0,0,0,0,0,0
Wed Mar 10 2021,0,0,0,0,0,0,0,0,0,0,0,0
Thu Mar 11 2021,0,0,0,0,0,0,0,0,0,0,0,0
Fri Mar 12 2021,0,0,0,0,0,0,0,0,0,0,0,0
Sat Mar 13 2021,0,0,0,0,0,0,0,0,0,0,0,0
Sun Mar 14 2021,0,0,0,0,0,0,0,0,0,0,0,0
Mon Mar 15 2021,0,0,0,0,0,0,0,0,0,0,0,0
Tue Mar 16 2021,0,0,0,0,0,0,0,0,0,0,0,0
Wed Mar 17 2021,0,0,0,0,0,0,0,0,0,0,0,0
Thu Mar 18 2021,0,0,0,0,0,0,0,0,0,0,0,0
Fri Mar 19 2021,0,0,0,0,0,0,0,0,0,0,0,0
Sat Mar 20 2021,0,0,0,0,0,0,0,0,0,0,0,0
Sun Mar 21 2021,0,0,0,0,0,0,0,0,0,0,0,0
Mon Mar 22 2021,0,0,0,0,0,0,0,0,0,0,0,0
Tue Mar 23 2021,0,0,0,0,0,0,0,0,0,0,0,0
Wed Mar 24 2021,0,0,0,0,0,0,0,0,0,0,0,0
Thu Mar 25 2021,0,0,0,0,0,0,0,0,0,0,0,0
Fri Mar 26 2021,0,0,0,0,0,0,0,0,0,0,0,0
Sat Mar 27 2021,0,0,0,0,0,0,0,0,0,0,0,0
Sun Mar 28 2021,0,0,0,0,0,0,0,0,0,0,0,0
Mon Mar 29 2021,0,0,0,0,0,0,0,0,0,0,0,0
Tue Mar 30 2021,0,0,0,0,0,0,0,0,0,0,0,0
Wed Mar 31 2021,0,0,0,0,0,0,0,0,0,0,0,0
Thu Apr 01 2021,0,0,0,0,0,0,0,0,0,0,0,0
Fri Apr 02 2021,0,0,0,0,0,0,0,0,0,0,0,0
Sat Apr 03 2021,0,0,0,0,0,0,0,0,0,0,0,0
Sun Apr 04 2021,0,0,0,0,0,0,0,0,0,0,0,0
Mon Apr 05 2021,0,0,0,0,0,0,0,0,0,0,0,0
Tue Apr 06 2021,0,0,0,0,0,0,0,0,0,0,0,0
Wed Apr 07 2021,0,0,0,0,0,0,0,0,0,0,0,0
Thu Apr 08 2021,0,0,0,0,0,0,0,0,0,0,0,0
Fri Apr 09 2021,0,0,0,0,0,0,0,0,0,0,0,0
Sat Apr 10 2021,0,0,0,0,0,0,0,0,0,0,0,0
Sun Apr 11 2021,0,0,0,0,0,0,0,0,0,0,0,0
Mon Apr 12 2021,0,0,0,0,0,0,0,0,0,0,0,0
Tue Apr 13 2021,0,0,0,0,0,0,0,0,0,0,0,0
Wed Apr 14 2021,0,0,0,0,0,0,0,0,0,0,0,0
Thu Apr 15 2021,0,0,0,0,0,0,0,0,0,0,0,0
Fri Apr 16 2021,0,0,0,0,0,0,0,0,0,0,0,0
Sat Apr 17 2021,0,0,0,0,0,0,0,0,0,0,0,0
Sun Apr 18 2021,0,0,0,0,0,0,0,0,0,0,0,0
Mon Apr 19 2021,0,0,0,0,0,0,0,0,0,0,0,0
Tue Apr 20 2021,0,0,0,0,0,0,0,0,0,0,0,0
Wed Apr 21 2021,0,0,0,0,0,0,0,0,0,0,0,0
Thu Apr 22 2021,0,0,0,0,0,0,0,0,0,0,0,0
Fri Apr 23 2021,0,0,0,0,0,0,0,0,0,0,0,0
Sat Apr 24 2021,0,0,0,0,0,0,0,0,0,0,0,0
Sun Apr 25 2021,0,0,0,0,0,0,0,0,0,0,0,0
Mon Apr 26 2021,0,0,0,0,0,0,0,0,0,0,0,0
Tue Apr 27 2021,0,0,0,0,0,0,0,0,0,0,0,0
Wed Apr 28 2021,0,0,0,0,0,0,0,0,0,0,0,0
Thu Apr 29 2021,0,0,0,0,0,0,0,0,0,0,0,0
Fri Apr 30 2021,0,0,0,0,0,0,0,0,0,0,0,0
Sat May 01 2021,0,0,0,0,0,0,0,0,0,0,0,0
Sun May 02 2021,0,0,0,0,0,0,0,0,0,0,0,0
Mon May 03 2021,0,0,0,0,0,0,0,0,0,0,0,0
Tue May 04 2021,0,0,0,0,0,0,0,0,0,0,0,0
Wed May 05 2021,0,0,0,0,0,0,0,0,0,0,0,0
Thu May 06 2021,0,0,0,0,0,0,0,0,0,0,0,0
Fri May 07 2021,0,0,0,0,0,0,0,0,0,0,0,0
Sat May 08 2021,0,0,0,0,0,0,0,0,0,0,0,0
Sun May 09 2021,0,0,0,0,0,0,0,0,0,0,0,0
Mon May 10 2021,0,0,0,0,0,0,0,0,0,0,0,0
Tue May 11 2021,0,0,0,0,0,0,0,0,0,0,0,0
Wed May 12 2021,0,0,0,0,0,0,0,0,0,0,0,0
Thu May 13 2021,0,0,0,0,0,0,0,0,0,0,0,0
Fri May 14 2021,0,0,0,0,0,0,0,0,0,0,0,0
Sat May 15 2021,0,0,0,0,0,0,0,0,0,0,0,0
Sun May 16 2021,0,0,0,0,0,0,0,0,0,0,0,0
Mon May 17 2021,0,0,0,0,0,0,0,0,0,0,0,0
Tue May 18 2021,0,0,0,0,0,0,0,0,0,0,0,0
Wed May 19 2021,0,0,0,0,0,0,0,0,0,0,0,0
Thu May 20 2021,0,0,0,0,0,0,0,0,0,0,0,0
Fri May 21 2021,0,0,0,0,0,0,0,0,0,0,0,0
Sat May 22 2021,0,0,0,0,0,0,0,0,0,0,0,0
Sun May 23 2021,0,0,0,0,0,0,0,0,0,0,0,0
Mon May 24 2021,0,0,0,0,0,0,0,0,0,0,0,0
Tue May 25 2021,0,0,0,0,0,0,0,0,0,0,0,0
Wed May 26 2021,0,0,0,0,0,0,0,0,0,0,0,0
Thu May 27 2021,0,0,0,0,0,0,0,0,0,0,0,0
Fri May 28 2021,0,0,0,0,0,0,0,0,0,0,0,0
Sat May 29 2021,0,0,0,0,0,0,0,0,0,0,0,0
Sun May 30 2021,0,0,0,0,0,0,0,0,0,0,0,0
Mon May 31 2021,0,0,0,0,0,0,0,0,0,0,0,0
Tue Jun 01 2021,0,0,0,0,0,0,0,0,0,0,0,0
Wed Jun 02 2021,0,0,0,0,0,0,0,0,0,0,0,0
Thu Jun 03 2021,0,0,0,0,0,0,0,0,0,0,0,0
Fri Jun 04 2021,0,0,0,0,0,0,0,0,0,0,0,0
Sat Jun 05 2021,0,0,0,0,0,0,0,0,0,0,0,0
Sun Jun 06 2021,0,0,0,0,0,0,0,0,0,0,0,0
Mon Jun 07 2021,0,0,0,0,0,0,0,0,0,0,0,0
Tue Jun 08 2021,0,0,0,0,0,0,0,0,0,0,0,0
Wed Jun 09 2021,0,0,0,0,0,0,0,0,0,0,0,0
Thu Jun 10 2021,0,0,0,0,0,0,0,0,0,0,0,0
Fri Jun 11 2021,0,0,0,0,0,0,0,0,0,0,0,0
Sat Jun 12 2021,0,0,0,0,0,0,0,0,0,0,0,0
Sun Jun 13 2021,0,0,0,0,0,0,0,0,0,0,0,0
Mon Jun 14 2021,0,0,0,0,0,0,0,0,0,0,0,0
Tue Jun 15 2021,0,0,0,0,0,0,0,0,0,0,0,0
Wed Jun 16 2021,0,0,0,0,0,0,0,0,0,0,0,0
Thu Jun 17 2021,0,0,0,0,0,0,0,0,0,0,0,0
Fri Jun 18 2021,0,0,0,0,0,0,0,0,0,0,0,0
Sat Jun 19 2021,0,0,0,0,0,0,0,0,0,0,0,0
Sun Jun 20 2021,0,0,0,0,0,0,0,0,0,0,0,0
Mon Jun 21 2021,0,0,0,0,0,0,0,0,0,0,0,0
Tue Jun 22 2021,0,0,0,0,0,0,0,0,0,0,0,0
Wed Jun 23 2021,0,0,0,0,0,0,0,0,0,0,0,0
Thu Jun 24 2021,0,0,0,0,0,0,0,0,0,0,0,0
Fri Jun 25 2021,0,0,0,0,0,0,0,0,0,0,0,0
Sat Jun 26 2021,0,0,0,0,0,0,0,0,0,0,0,0
Sun Jun 27 2021,0,0,0,0,0,0,0,0,0,0,0,0
Mon Jun 28 2021,0,0,0,0,0,0,0,0,0,0,0,0
Tue Jun 29 2021,0,0,0,0,0,0,0,0,0,0,0,0
Wed Jun 30 2021,0,0,0,0,0,0,0,0,0,0,0,0
Thu Jul 01 2021,0,0,0,0,0,0,0,0,0,0,0,0
Fri Jul 02 2021,0,0,0,0,0,0,0,0,0,0,0,0
Sat Jul 03 2021,0,0,0,0,0,0,0,0,0,0,0,0
Sun Jul 04 2021,0,0,0,0,0,0,0,0,0,0,0,0
Mon Jul 05 2021,0,0,0,0,0,0,0,0,0,0,0,0
Tue Jul 06 2021,0,0,0,0,0,0,0,0,0,0,0,0
Wed Jul 07 2021,0,0,0,0,0,0,0,0,0,0,0,0
Thu Jul 08 2021,0,0,0,0,0,0,0,0,0,0,0,0
Fri Jul 09 2021,0,0,0,0,0,0,0,0,0,0,0,0
Sat Jul 10 2021,0,0,0,0,0,0,0,0,0,0,0,0
Sun Jul 11 2021,0,0,0,0,0,0,0,0,0,0,0,0
Mon Jul 12 2021,0,0,0,0,0,0,0,0,0,0,0,0
Tue Jul 13 2021,0,0,0,0,0,0,0,0,0,0,0,0
Wed Jul 14 2021,0,0,0,0,0,0,0,0,0,0,0,0
Thu Jul 15 2021,0,0,0,0,0,0,0,0,0,0,0,0
Fri Jul 16 2021,0,0,0,0,0,0,0,0,0,0,0,0
Sat Jul 17 2021,0,0,0,0,0,0,0,0,0,0,0,0
Sun Jul 18 2021,0,0,0,0,0,0,0,0,0,0,0,0
Mon Jul 19 2021,0,0,0,0,0,0,0,0,0,0,0,0
Tue Jul 20 2021,0,0,0,0,0,0,0,0,0,0,0,0
Wed Jul 21 2021,0,0,0,0,0,0,0,0,0,0,0,0
Thu Jul 22 2021,0,0,0,0,0,0,0,0,0,0,0,0
Fri Jul 23 2021,0,0,0,0,0,0,0,0,0,0,0,0
Sat Jul 24 2021,0,0,0,0,0,0,0,0,0,0,0,0
Sun Jul 25 2021,0,0,0,0,0,0,0,0,0,0,0,0
Mon Jul 26 2021,0,0,0,0,0,0,0,0,0,0,0,0
Tue Jul 27 2021,0,0,0,0,0,0,0,0,0,0,0,0
Wed Jul 28 2021,0,0,0,0,0,0,0,0,0,0,0,0
Thu Jul 29 2021,0,0,0,0,0,0,0,0,0,0,0,0
Fri Jul 30 2021,0,0,0,0,0,0,0,0,0,0,0,0
Sat Jul 31 2021,0,0,0,0,0,0,0,0,0,0,0,0
Sun Aug 01 2021,0,0,0,0,0,0,0,0,0,0,0,0
Mon Aug 02 2021,0,0,0,0,0,0,0,0,0,0,0,0
Tue Aug 03 2021,0,0,0,0,0,0,0,0,0,0,0,0
Wed Aug 04 2021,0,0,0,0,0,0,0,0,0,0,0,0
Thu Aug 05 2021,0,0,0,0,0,0,0,0,0,0,0,0
Fri Aug 06 2021,0,0,0,0,0,0,0,0,0,0,0,0
Sat Aug 07 2021,3,1,0.06,0,0,50,1,1,0,0,0,0
Sun Aug 08 2021,0,0,0,0,0,0,0,0,0,0,0,0
Mon Aug 09 2021,0,0,0,0,0,0,0,0,0,0,0,0
Tue Aug 10 2021,0,0,0,0,0,0,0,0,0,0,0,0
Wed Aug 11 2021,0,0,0,0,0,0,0,0,0,0,0,0
Thu Aug 12 2021,0,0,0,0,0,0,0,0,0,0,0,0
Fri Aug 13 2021,0,0,0,0,0,0,0,0,0,0,0,0
Sat Aug 14 2021,0,0,0,0,0,0,0,0,0,0,0,0
Sun Aug 15 2021,0,0,0,0,0,0,0,0,0,0,0,0
Mon Aug 16 2021,0,0,0,0,0,0,0,0,0,0,0,0
Tue Aug 17 2021,0,0,0,0,0,0,0,0,0,0,0,0
Wed Aug 18 2021,0,0,0,0,0,0,0,0,0,0,0,0
Thu Aug 19 2021,0,0,0,0,0,0,0,0,0,0,0,0
Fri Aug 20 2021,0,0,0,0,0,0,0,0,0,0,0,0
Sat Aug 21 2021,0,0,0,0,0,0,0,0,0,0,0,0
Sun Aug 22 2021,0,0,0,0,0,0,0,0,0,0,0,0
Mon Aug 23 2021,0,0,0,0,0,0,0,0,0,0,0,0
Tue Aug 24 2021,0,0,0,0,0,0,0,0,0,0,0,0
Wed Aug 25 2021,0,0,0,0,0,0,0,0,0,0,0,0
Thu Aug 26 2021,0,0,0,0,0,0,0,0,0,0,0,0
Fri Aug 27 2021,0,0,0,0,0,0,0,0,0,0,0,0
Sat Aug 28 2021,0,0,0,0,0,0,0,0,0,0,0,0
Sun Aug 29 2021,0,0,0,0,0,0,0,0,0,0,0,0
Mon Aug 30 2021,0,0,0,0,0,0,0,0,0,0,0,0
Tue Aug 31 2021,0,0,0,0,0,0,0,0,0,0,0,0
Wed Sep 01 2021,0,0,0,0,0,0,0,0,0,0,0,0
Thu Sep 02 2021,0,0,0,0,0,0,0,0,0,0,0,0
Fri Sep 03 2021,0,0,0,0,0,0,0,0,0,0,0,0
Sat Sep 04 2021,0,0,0,0,0,0,0,0,0,0,0,0
Sun Sep 05 2021,70,16,0.25,0,2,280,18,2,0,3,0,0
Mon Sep 06 2021,0,0,0,0,0,0,0,0,0,0,0,0
Tue Sep 07 2021,0,0,0,0,0,0,0,0,0,0,0,0
Wed Sep 08 2021,0,0,0,0,0,0,0,0,0,0,0,0
Thu Sep 09 2021,0,0,0,0,0,0,0,0,0,0,0,0
Fri Sep 10 2021,0,0,0,0,0,0,0,0,0,0,0,0
Sat Sep 11 2021,152,13,0.64,1,2,239,15,2,0,4,0,0
Sun Sep 12 2021,0,0,0,0,0,0,0,0,0,0,0,0
Mon Sep 13 2021,0,0,0,0,0,0,0,0,0,0,0,0
Tue Sep 14 2021,0,0,0,0,0,0,0,0,0,0,0,0
Wed Sep 15 2021,0,0,0,0,0,0,0,0,0,0,0,0
Thu Sep 16 2021,0,0,0,0,0,0,0,0,0,0,0,0
Fri Sep 17 2021,0,0,0,0,0,0,0,0,0,0,0,0
Sat Sep 18 2021,61,24,0.16,0,2,379,28,2,0,3,0,0
Sun Sep 19 2021,0,0,0,0,0,0,0,0,0,0,0,0
Mon Sep 20 2021,0,0,0,0,0,0,0,0,0,0,0,0
Tue Sep 21 2021,0,0,0,1,0,0,0,0,0,0,0,0
Wed Sep 22 2021,0,0,0,0,0,0,0,0,0,0,0,0
Thu Sep 23 2021,0,0,0,0,0,0,0,0,0,0,0,0
Fri Sep 24 2021,0,0,0,0,0,0,0,0,0,0,0,0
Sat Sep 25 2021,79,17,0.45,0,2,176,22,2,0,2,0,0
Sun Sep 26 2021,0,0,0,0,0,0,0,0,0,0,0,0
Mon Sep 27 2021,0,0,0,0,0,0,0,0,0,0,0,0
Tue Sep 28 2021,0,0,0,0,0,0,0,0,0,0,0,0
Wed Sep 29 2021,0,0,0,0,0,0,0,0,0,0,0,0
Thu Sep 30 2021,0,0,0,0,0,0,0,0,0,0,0,0
Fri Oct 01 2021,0,0,0,0,0,0,0,0,0,0,0,0
Sat Oct 02 2021,0,0,0,0,0,0,0,0,0,0,0,0
Sun Oct 03 2021,0,0,0,0,0,0,0,0,0,0,0,0
Mon Oct 04 2021,0,0,0,0,0,0,0,0,0,0,0,0
Tue Oct 05 2021,0,0,0,0,0,0,0,0,0,0,0,0
Wed Oct 06 2021,0,0,0,0,0,0,0,0,0,0,0,0
Thu Oct 07 2021,0,0,0,0,0,0,0,0,0,0,0,0
Fri Oct 08 2021,0,0,0,0,0,0,0,0,0,0,0,0
Sat Oct 09 2021,0,0,0,0,0,0,0,0,0,0,0,0
Sun Oct 10 2021,0,0,0,0,0,0,0,0,0,0,0,0
Mon Oct 11 2021,0,0,0,0,0,0,0,0,0,0,0,0
Tue Oct 12 2021,0,0,0,0,0,0,0,0,0,0,0,0
Wed Oct 13 2021,0,0,0,0,0,0,0,0,0,0,0,0
Thu Oct 14 2021,0,0,0,0,0,0,0,0,0,0,0,0
Fri Oct 15 2021,0,0,0,0,0,0,0,0,0,0,0,0
Sat Oct 16 2021,0,0,0,0,0,0,0,0,0,0,0,0
Sun Oct 17 2021,0,0,0,0,0,0,0,0,0,0,0,0
Mon Oct 18 2021,0,0,0,0,0,0,0,0,0,0,0,0
Tue Oct 19 2021,0,0,0,0,0,0,0,0,0,0,0,0
Wed Oct 20 2021,0,0,0,0,0,0,0,0,0,0,0,0
Thu Oct 21 2021,0,0,0,0,0,0,0,0,0,0,0,0
Fri Oct 22 2021,0,0,0,0,0,0,0,0,0,0,0,0
Sat Oct 23 2021,0,0,0,0,0,0,0,0,0,0,0,0
Sun Oct 24 2021,0,0,0,0,0,0,0,0,0,0,0,0
Mon Oct 25 2021,0,0,0,0,0,0,0,0,0,0,0,0
Tue Oct 26 2021,0,0,0,0,0,0,0,0,0,0,0,0
Wed Oct 27 2021,0,0,0,0,0,0,0,0,0,0,0,0
Thu Oct 28 2021,0,0,0,0,0,0,0,0,0,0,0,0
Fri Oct 29 2021,0,0,0,0,0,0,0,0,0,0,0,0
Sat Oct 30 2021,0,0,0,0,0,0,0,0,0,0,0,0
Sun Oct 31 2021,0,0,0,0,0,0,0,0,0,0,0,0
Mon Nov 01 2021,0,0,0,0,0,0,0,0,0,0,0,0
Tue Nov 02 2021,0,0,0,0,0,0,0,0,0,0,0,0
Wed Nov 03 2021,0,0,0,0,0,0,0,0,0,0,0,0
Thu Nov 04 2021,0,0,0,0,0,0,0,0,0,0,0,0
Fri Nov 05 2021,0,0,0,0,0,0,0,0,0,0,0,0
Sat Nov 06 2021,0,0,0,0,0,0,0,0,0,0,0,0
Sun Nov 07 2021,0,0,0,0,0,0,0,0,0,0,0,0
Mon Nov 08 2021,0,0,0,0,0,0,0,0,0,0,0,0
Tue Nov 09 2021,0,0,0,0,0,0,0,0,0,0,0,0
Wed Nov 10 2021,0,0,0,0,0,0,0,0,0,0,0,0
Thu Nov 11 2021,0,0,0,0,0,0,0,0,0,0,0,0
Fri Nov 12 2021,0,0,0,0,0,0,0,0,0,0,0,0
Sat Nov 13 2021,0,0,0,0,0,0,0,0,0,0,0,0
Sun Nov 14 2021,0,0,0,0,0,0,0,0,0,0,0,0
Mon Nov 15 2021,0,0,0,0,0,0,0,0,0,0,0,0
Tue Nov 16 2021,0,0,0,0,0,0,0,0,0,0,0,0
Wed Nov 17 2021,0,0,0,0,0,0,0,0,0,0,0,0
Thu Nov 18 2021,0,0,0,0,0,0,0,0,0,0,0,0
Fri Nov 19 2021,0,0,0,0,0,0,0,0,0,0,0,0
Sat Nov 20 2021,0,0,0,0,0,0,0,0,0,0,0,0
Sun Nov 21 2021,0,0,0,0,0,0,0,0,0,0,0,0
Mon Nov 22 2021,0,0,0,0,0,0,0,0,0,0,0,0
Tue Nov 23 2021,0,0,0,0,0,0,0,0,0,0,0,0
Wed Nov 24 2021,0,0,0,0,0,0,0,0,0,0,0,0
Thu Nov 25 2021,0,0,0,0,0,0,0,0,0,0,0,0
Fri Nov 26 2021,0,0,0,0,0,0,0,0,0,0,0,0
Sat Nov 27 2021,0,0,0,0,0,0,0,0,0,0,0,0
Sun Nov 28 2021,0,0,0,0,0,0,0,0,0,0,0,0
Mon Nov 29 2021,0,0,0,0,0,0,0,0,0,0,0,0
Tue Nov 30 2021,0,0,0,0,0,0,0,0,0,0,0,0
Wed Dec 01 2021,0,0,0,0,0,0,0,0,0,0,0,0
Thu Dec 02 2021,0,0,0,0,0,0,0,0,0,0,0,0
Fri Dec 03 2021,0,0,0,0,0,0,0,0,0,0,0,0
Sat Dec 04 2021,0,0,0,0,0,0,0,0,0,0,0,0
Sun Dec 05 2021,0,0,0,0,0,0,0,0,0,0,0,0
Mon Dec 06 2021,0,0,0,0,0,0,0,0,0,0,0,0
Tue Dec 07 2021,0,0,0,0,0,0,0,0,0,0,0,0
Wed Dec 08 2021,0,0,0,0,0,0,0,0,0,0,0,0
Thu Dec 09 2021,0,0,0,0,0,0,0,0,0,0,0,0
Fri Dec 10 2021,0,0,0,0,0,0,0,0,0,0,0,0
Sat Dec 11 2021,0,0,0,0,0,0,0,0,0,0,0,0
Sun Dec 12 2021,0,0,0,0,0,0,0,0,0,0,0,0
Mon Dec 13 2021,0,0,0,0,0,0,0,0,0,0,0,0
Tue Dec 14 2021,0,0,0,0,0,0,0,0,0,0,0,0
Wed Dec 15 2021,0,0,0,0,0,0,0,0,0,0,0,0
Thu Dec 16 2021,0,0,0,0,0,0,0,0,0,0,0,0
Fri Dec 17 2021,0,0,0,0,0,0,0,0,0,0,0,0
Sat Dec 18 2021,0,0,0,0,0,0,0,0,0,0,0,0
Sun Dec 19 2021,0,0,0,0,0,0,0,0,0,0,0,0
Mon Dec 20 2021,0,0,0,0,0,0,0,0,0,0,0,0
Tue Dec 21 2021,0,0,0,0,0,0,0,0,0,0,0,0
Wed Dec 22 2021,0,0,0,0,0,0,0,0,0,0,0,0
Thu Dec 23 2021,0,0,0,0,0,0,0,0,0,0,0,0
Fri Dec 24 2021,0,0,0,0,0,0,0,0,0,0,0,0
Sat Dec 25 2021,0,0,0,0,0,0,0,0,0,0,0,0
Sun Dec 26 2021,0,0,0,0,0,0,0,0,0,0,0,0
Mon Dec 27 2021,0,0,0,0,0,0,0,0,0,0,0,0
Tue Dec 28 2021,0,0,0,0,0,0,0,0,0,0,0,0
Wed Dec 29 2021,0,0,0,0,0,0,0,0,0,0,0,0
Thu Dec 30 2021,0,0,0,0,0,0,0,0,0,0,0,0
Fri Dec 31 2021,0,0,0,0,0,0,0,0,0,0,0,0
Sat Jan 01 2022,0,0,0,0,0,0,0,0,0,0,0,0
Sun Jan 02 2022,0,0,0,0,0,0,0,0,0,0,0,0
Mon Jan 03 2022,0,0,0,0,0,0,0,0,0,0,0,0
Tue Jan 04 2022,0,0,0,0,0,0,0,0,0,0,0,0
Wed Jan 05 2022,0,0,0,0,0,0,0,0,0,0,0,0
Thu Jan 06 2022,0,0,0,0,0,0,0,0,0,0,0,0
Fri Jan 07 2022,0,0,0,0,0,0,0,0,0,0,0,0
Sat Jan 08 2022,0,0,0,0,0,0,0,0,0,0,0,0
Sun Jan 09 2022,0,0,0,0,0,0,0,0,0,0,0,0
Mon Jan 10 2022,0,0,0,0,0,0,0,0,0,0,0,0
Tue Jan 11 2022,0,0,0,0,0,0,0,0,0,0,0,0
Wed Jan 12 2022,0,0,0,0,0,0,0,0,0,0,0,0
Thu Jan 13 2022,0,0,0,0,0,0,0,0,0,0,0,0
Fri Jan 14 2022,0,0,0,0,0,0,0,0,0,0,0,0
Sat Jan 15 2022,0,0,0,0,0,0,0,0,0,0,0,0
Sun Jan 16 2022,0,0,0,0,0,0,0,0,0,0,0,0
Mon Jan 17 2022,0,0,0,0,0,0,0,0,0,0,0,0
Tue Jan 18 2022,0,0,0,0,0,0,0,0,0,0,0,0
Wed Jan 19 2022,0,0,0,0,0,0,0,0,0,0,0,0
Thu Jan 20 2022,0,0,0,0,0,0,0,0,0,0,0,0
Fri Jan 21 2022,0,0,0,0,0,0,0,0,0,0,0,0
Sat Jan 22 2022,0,0,0,0,0,0,0,0,0,0,0,0
Sun Jan 23 2022,0,0,0,0,0,0,0,0,0,0,0,0
Mon Jan 24 2022,0,0,0,0,0,0,0,0,0,0,0,0
Tue Jan 25 2022,0,0,0,0,0,0,0,0,0,0,0,0
Wed Jan 26 2022,0,0,0,0,0,0,0,0,0,0,0,0
Thu Jan 27 2022,0,0,0,0,0,0,0,0,0,0,0,0
Fri Jan 28 2022,0,0,0,0,0,0,0,0,0,0,0,0
Sat Jan 29 2022,0,0,0,0,0,0,0,0,0,0,0,0
Sun Jan 30 2022,0,0,0,0,0,0,0,0,0,0,0,0
Mon Jan 31 2022,0,0,0,0,0,0,0,0,0,0,0,0
Tue Feb 01 2022,0,0,0,0,0,0,0,0,0,0,0,0
Wed Feb 02 2022,0,0,0,0,0,0,0,0,0,0,0,0
Thu Feb 03 2022,0,0,0,0,0,0,0,0,0,0,0,0
Fri Feb 04 2022,0,0,0,0,0,0,0,0,0,0,0,0
Sat Feb 05 2022,0,0,0,0,0,0,0,0,0,0,0,0
Sun Feb 06 2022,0,0,0,0,0,0,0,0,0,0,0,0
Mon Feb 07 2022,0,0,0,0,0,0,0,0,0,0,0,0
Tue Feb 08 2022,0,0,0,0,0,0,0,0,0,0,0,0
Wed Feb 09 2022,0,0,0,0,0,0,0,0,0,0,0,0
Thu Feb 10 2022,0,0,0,0,0,0,0,0,0,0,0,0
Fri Feb 11 2022,0,0,0,0,0,0,0,0,0,0,0,0
Sat Feb 12 2022,0,0,0,0,0,0,0,0,0,0,0,0
Sun Feb 13 2022,0,0,0,0,0,0,0,0,0,0,0,0
Mon Feb 14 2022,0,0,0,0,0,0,0,0,0,0,0,0
Tue Feb 15 2022,0,0,0,0,0,0,0,0,0,0,0,0
Wed Feb 16 2022,0,0,0,0,0,0,0,0,0,0,0,0
Thu Feb 17 2022,0,0,0,0,0,0,0,0,0,0,0,0
Fri Feb 18 2022,0,0,0,0,0,0,0,0,0,0,0,0
Sat Feb 19 2022,0,0,0,0,0,0,0,0,0,0,0,0
Sun Feb 20 2022,0,0,0,0,0,0,0,0,0,0,0,0
Mon Feb 21 2022,0,0,0,0,0,0,0,0,0,0,0,0
Tue Feb 22 2022,0,0,0,0,0,0,0,0,0,0,0,0
Wed Feb 23 2022,0,0,0,0,0,0,0,0,0,0,0,0
Thu Feb 24 2022,0,0,0,0,0,0,0,0,0,0,0,0
Fri Feb 25 2022,0,0,0,0,0,0,0,0,0,0,0,0
Sat Feb 26 2022,0,0,0,0,0,0,0,0,0,0,0,0
Sun Feb 27 2022,0,0,0,0,0,0,0,0,0,0,0,0
Mon Feb 28 2022,0,0,0,0,0,0,0,0,0,0,0,0
Tue Mar 01 2022,0,0,0,0,0,0,0,0,0,0,0,0
Wed Mar 02 2022,0,0,0,0,0,0,0,0,0,0,0,0
Thu Mar 03 2022,0,0,0,0,0,0,0,0,0,0,0,0
Fri Mar 04 2022,0,0,0,0,0,0,0,0,0,0,0,0
Sat Mar 05 2022,0,0,0,0,0,0,0,0,0,0,0,0
Sun Mar 06 2022,0,0,0,0,0,0,0,0,0,0,0,0
Mon Mar 07 2022,0,0,0,0,0,0,0,0,0,0,0,0
Tue Mar 08 2022,0,0,0,0,0,0,0,0,0,0,0,0
Wed Mar 09 2022,0,0,0,0,0,0,0,0,0,0,0,0
Thu Mar 10 2022,0,0,0,0,0,0,0,0,0,0,0,0
Fri Mar 11 2022,0,0,0,0,0,0,0,0,0,0,0,0
Sat Mar 12 2022,0,0,0,0,0,0,0,0,0,0,0,0
Sun Mar 13 2022,0,0,0,0,0,0,0,0,0,0,0,0
Mon Mar 14 2022,0,0,0,0,0,0,0,0,0,0,0,0
Tue Mar 15 2022,0,0,0,0,0,0,0,0,0,0,0,0
Wed Mar 16 2022,0,0,0,0,0,0,0,0,0,0,0,0
Thu Mar 17 2022,0,0,0,0,0,0,0,0,0,0,0,0
Fri Mar 18 2022,0,0,0,0,0,0,0,0,0,0,0,0
Sat Mar 19 2022,0,0,0,0,0,0,0,0,0,0,0,0
Sun Mar 20 2022,0,0,0,0,0,0,0,0,0,0,0,0
Mon Mar 21 2022,0,0,0,0,0,0,0,0,0,0,0,0
Tue Mar 22 2022,0,0,0,0,0,0,0,0,0,0,0,0
Wed Mar 23 2022,0,0,0,0,0,0,0,0,0,0,0,0
Thu Mar 24 2022,0,0,0,0,0,0,0,0,0,0,0,0
Fri Mar 25 2022,0,0,0,0,0,0,0,0,0,0,0,0
Sat Mar 26 2022,0,0,0,0,0,0,0,0,0,0,0,0
Sun Mar 27 2022,0,0,0,0,0,0,0,0,0,0,0,0
Mon Mar 28 2022,0,0,0,0,0,0,0,0,0,0,0,0
Tue Mar 29 2022,0,0,0,0,0,0,0,0,0,0,0,0
Wed Mar 30 2022,0,0,0,0,0,0,0,0,0,0,0,0
Thu Mar 31 2022,0,0,0,0,0,0,0,0,0,0,0,0
Fri Apr 01 2022,0,0,0,0,0,0,0,0,0,0,0,0
Sat Apr 02 2022,0,0,0,0,0,0,0,0,0,0,0,0
Sun Apr 03 2022,0,0,0,0,0,0,0,0,0,0,0,0
Mon Apr 04 2022,0,0,0,0,0,0,0,0,0,0,0,0
Tue Apr 05 2022,0,0,0,0,0,0,0,0,0,0,0,0
Wed Apr 06 2022,0,0,0,0,0,0,0,0,0,0,0,0
Thu Apr 07 2022,0,0,0,0,0,0,0,0,0,0,0,0
Fri Apr 08 2022,0,0,0,0,0,0,0,0,0,0,0,0
Sat Apr 09 2022,0,0,0,0,0,0,0,0,0,0,0,0
Sun Apr 10 2022,0,0,0,0,0,0,0,0,0,0,0,0
Mon Apr 11 2022,0,0,0,0,0,0,0,0,0,0,0,0
Tue Apr 12 2022,0,0,0,0,0,0,0,0,0,0,0,0
Wed Apr 13 2022,0,0,0,0,0,0,0,0,0,0,0,0
Thu Apr 14 2022,0,0,0,0,0,0,0,0,0,0,0,0
Fri Apr 15 2022,0,0,0,0,0,0,0,0,0,0,0,0
Sat Apr 16 2022,0,0,0,0,0,0,0,0,0,0,0,0
Sun Apr 17 2022,0,0,0,0,0,0,0,0,0,0,0,0
Mon Apr 18 2022,0,0,0,0,0,0,0,0,0,0,0,0
Tue Apr 19 2022,0,0,0,0,0,0,0,0,0,0,0,0
Wed Apr 20 2022,0,0,0,0,0,0,0,0,0,0,0,0
Thu Apr 21 2022,0,0,0,0,0,0,0,0,0,0,0,0
Fri Apr 22 2022,0,0,0,0,0,0,0,0,0,0,0,0
Sat Apr 23 2022,0,0,0,0,0,0,0,0,0,0,0,0
Sun Apr 24 2022,0,0,0,0,0,0,0,0,0,0,0,0
Mon Apr 25 2022,0,0,0,0,0,0,0,0,0,0,0,0
Tue Apr 26 2022,0,0,0,0,0,0,0,0,0,0,0,0
Wed Apr 27 2022,0,0,0,0,0,0,0,0,0,0,0,0
Thu Apr 28 2022,0,0,0,0,0,0,0,0,0,0,0,0
Fri Apr 29 2022,0,0,0,0,0,0,0,0,0,0,0,0
Sat Apr 30 2022,0,0,0,0,0,0,0,0,0,0,0,0
Sun May 01 2022,0,0,0,0,0,0,0,0,0,0,0,0
Mon May 02 2022,0,0,0,0,0,0,0,0,0,0,0,0
Tue May 03 2022,0,0,0,0,0,0,0,0,0,0,0,0
Wed May 04 2022,0,0,0,0,0,0,0,0,0,0,0,0
Thu May 05 2022,0,0,0,0,0,0,0,0,0,0,0,0
Fri May 06 2022,0,0,0,0,0,0,0,0,0,0,0,0
Sat May 07 2022,0,0,0,0,0,0,0,0,0,0,0,0
Sun May 08 2022,0,0,0,0,0,0,0,0,0,0,0,0
Mon May 09 2022,0,0,0,0,0,0,0,0,0,0,0,0
Tue May 10 2022,0,0,0,0,0,0,0,0,0,0,0,0
Wed May 11 2022,0,0,0,0,0,0,0,0,0,0,0,0
Thu May 12 2022,0,0,0,0,0,0,0,0,0,0,0,0
Fri May 13 2022,0,0,0,0,0,0,0,0,0,0,0,0
Sat May 14 2022,0,0,0,0,0,0,0,0,0,0,0,0
Sun May 15 2022,0,0,0,0,0,0,0,0,0,0,0,0
Mon May 16 2022,0,0,0,0,0,0,0,0,0,0,0,0
Tue May 17 2022,0,0,0,0,0,0,0,0,0,0,0,0
Wed May 18 2022,0,0,0,0,0,0,0,0,0,0,0,0
Thu May 19 2022,0,0,0,0,0,0,0,0,0,0,0,0
Fri May 20 2022,0,0,0,0,0,0,0,0,0,0,0,0
Sat May 21 2022,0,0,0,0,0,0,0,0,0,0,0,0
Sun May 22 2022,0,0,0,0,0,0,0,0,0,0,0,0
Mon May 23 2022,0,0,0,0,0,0,0,0,0,0,0,0
Tue May 24 2022,0,0,0,0,0,0,0,0,0,0,0,0
Wed May 25 2022,0,0,0,0,0,0,0,0,0,0,0,0
Thu May 26 2022,0,0,0,0,0,0,0,0,0,0,0,0
Fri May 27 2022,0,0,0,0,0,0,0,0,0,0,0,0
Sat May 28 2022,0,0,0,0,0,0,0,0,0,0,0,0
Sun May 29 2022,0,0,0,0,0,0,0,0,0,0,0,0
Mon May 30 2022,0,0,0,0,0,0,0,0,0,0,0,0
Tue May 31 2022,0,0,0,0,0,0,0,0,0,0,0,0
Wed Jun 01 2022,0,0,0,0,0,0,0,0,0,0,0,0
Thu Jun 02 2022,0,0,0,0,0,0,0,0,0,0,0,0
Fri Jun 03 2022,0,0,0,0,0,0,0,0,0,0,0,0
Sat Jun 04 2022,0,0,0,0,0,0,0,0,0,0,0,0
Sun Jun 05 2022,0,0,0,0,0,0,0,0,0,0,0,0
Mon Jun 06 2022,0,0,0,0,0,0,0,0,0,0,0,0
Tue Jun 07 2022,0,0,0,0,0,0,0,0,0,0,0,0
Wed Jun 08 2022,0,0,0,0,0,0,0,0,0,0,0,0
Thu Jun 09 2022,0,0,0,0,0,0,0,0,0,0,0,0
Fri Jun 10 2022,0,0,0,0,0,0,0,0,0,0,0,0
Sat Jun 11 2022,0,0,0,0,0,0,0,0,0,0,0,0
Sun Jun 12 2022,0,0,0,0,0,0,0,0,0,0,0,0
Mon Jun 13 2022,0,0,0,0,0,0,0,0,0,0,0,0
Tue Jun 14 2022,0,0,0,0,0,0,0,0,0,0,0,0
Wed Jun 15 2022,0,0,0,0,0,0,0,0,0,0,0,0
Thu Jun 16 2022,0,0,0,0,0,0,0,0,0,0,0,0
Fri Jun 17 2022,0,0,0,0,0,0,0,0,0,0,0,0
Sat Jun 18 2022,0,0,0,0,0,0,0,0,0,0,0,0
Sun Jun 19 2022,0,0,0,0,0,0,0,0,0,0,0,0
Mon Jun 20 2022,0,0,0,0,0,0,0,0,0,0,0,0
Tue Jun 21 2022,0,0,0,0,0,0,0,0,0,0,0,0
Wed Jun 22 2022,0,0,0,0,0,0,0,0,0,0,0,0
Thu Jun 23 2022,0,0,0,0,0,0,0,0,0,0,0,0
Fri Jun 24 2022,0,0,0,0,0,0,0,0,0,0,0,0
Sat Jun 25 2022,0,0,0,0,0,0,0,0,0,0,0,0
Sun Jun 26 2022,0,0,0,0,0,0,0,0,0,0,0,0
Mon Jun 27 2022,0,0,0,0,0,0,0,0,0,0,0,0
Tue Jun 28 2022,0,0,0,0,0,0,0,0,0,0,0,0
Wed Jun 29 2022,0,0,0,0,0,0,0,0,0,0,0,0
Thu Jun 30 2022,0,0,0,0,0,0,0,0,0,0,0,0
Fri Jul 01 2022,0,0,0,0,0,0,0,0,0,0,0,0
Sat Jul 02 2022,0,0,0,0,0,0,0,0,0,0,0,0
Sun Jul 03 2022,0,0,0,0,0,0,0,0,0,0,0,0
Mon Jul 04 2022,0,0,0,0,0,0,0,0,0,0,0,0
Tue Jul 05 2022,0,0,0,0,0,0,0,0,0,0,0,0
Wed Jul 06 2022,0,0,0,0,0,0,0,0,0,0,0,0
Thu Jul 07 2022,0,0,0,0,0,0,0,0,0,0,0,0
Fri Jul 08 2022,0,0,0,0,0,0,0,0,0,0,0,0
Sat Jul 09 2022,0,0,0,0,0,0,0,0,0,0,0,0
Sun Jul 10 2022,0,0,0,0,0,0,0,0,0,0,0,0
Mon Jul 11 2022,0,0,0,0,0,0,0,0,0,0,0,0
Tue Jul 12 2022,0,0,0,0,0,0,0,0,0,0,0,0
Wed Jul 13 2022,0,0,0,0,0,0,0,0,0,0,0,0
Thu Jul 14 2022,0,0,0,0,0,0,0,0,0,0,0,0
Fri Jul 15 2022,0,0,0,0,0,0,0,0,0,0,0,0
Sat Jul 16 2022,0,0,0,0,0,0,0,0,0,0,0,0
Sun Jul 17 2022,0,0,0,0,0,0,0,0,0,0,0,0
Mon Jul 18 2022,0,0,0,0,0,0,0,0,0,0,0,0
Tue Jul 19 2022,0,0,0,0,0,0,0,0,0,0,0,0
Wed Jul 20 2022,0,0,0,0,0,0,0,0,0,0,0,0
Thu Jul 21 2022,0,0,0,0,0,0,0,0,0,0,0,0
Fri Jul 22 2022,0,0,0,0,0,0,0,0,0,0,0,0
Sat Jul 23 2022,0,0,0,0,0,0,0,0,0,0,0,0
Sun Jul 24 2022,0,0,0,0,0,0,0,0,0,0,0,0
Mon Jul 25 2022,0,0,0,0,0,0,0,0,0,0,0,0
Tue Jul 26 2022,0,0,0,0,0,0,0,0,0,0,0,0
Wed Jul 27 2022,0,0,0,0,0,0,0,0,0,0,0,0
Thu Jul 28 2022,0,0,0,0,0,0,0,0,0,0,0,0
Fri Jul 29 2022,0,0,0,0,0,0,0,0,0,0,0,0
Sat Jul 30 2022,0,0,0,0,0,0,0,0,0,0,0,0
Sun Jul 31 2022,0,0,0,0,0,0,0,0,0,0,0,0
Mon Aug 01 2022,0,0,0,0,0,0,0,0,0,0,0,0
Tue Aug 02 2022,0,0,0,0,0,0,0,0,0,0,0,0
Wed Aug 03 2022,0,0,0,0,0,0,0,0,0,0,0,0
Thu Aug 04 2022,0,0,0,0,0,0,0,0,0,0,0,0
Fri Aug 05 2022,0,0,0,0,0,0,0,0,0,0,0,0
Sat Aug 06 2022,0,0,0,0,0,0,0,0,0,0,0,0
Sun Aug 07 2022,0,0,0,0,0,0,0,0,0,0,0,0
Mon Aug 08 2022,0,0,0,0,0,0,0,0,0,0,0,0
Tue Aug 09 2022,0,0,0,0,0,0,0,0,0,0,0,0
Wed Aug 10 2022,0,0,0,0,0,0,0,0,0,0,0,0
Thu Aug 11 2022,0,0,0,0,0,0,0,0,0,0,0,0
Fri Aug 12 2022,0,0,0,0,0,0,0,0,0,0,0,0
Sat Aug 13 2022,0,0,0,0,0,0,0,0,0,0,0,0
Sun Aug 14 2022,0,0,0,0,0,0,0,0,0,0,0,0
Mon Aug 15 2022,0,0,0,0,0,0,0,0,0,0,0,0
Tue Aug 16 2022,0,0,0,0,0,0,0,0,0,0,0,0
Wed Aug 17 2022,0,0,0,0,0,0,0,0,0,0,0,0
Thu Aug 18 2022,0,0,0,0,0,0,0,0,0,0,0,0
Fri Aug 19 2022,0,0,0,0,0,0,0,0,0,0,0,0
Sat Aug 20 2022,0,0,0,0,0,0,0,0,0,0,0,0
Sun Aug 21 2022,0,0,0,0,0,0,0,0,0,0,0,0
Mon Aug 22 2022,0,0,0,0,0,0,0,0,0,0,0,0
Tue Aug 23 2022,0,0,0,0,0,0,0,0,0,0,0,0
Wed Aug 24 2022,0,0,0,0,0,0,0,0,0,0,0,0
Thu Aug 25 2022,0,0,0,0,0,0,0,0,0,0,0,0
Fri Aug 26 2022,0,0,0,0,0,0,0,0,0,0,0,0
Sat Aug 27 2022,0,0,0,0,0,0,0,0,0,0,0,0
Sun Aug 28 2022,0,0,0,0,0,0,0,0,0,0,0,0
Mon Aug 29 2022,0,0,0,0,0,0,0,0,0,0,0,0
Tue Aug 30 2022,0,0,0,0,0,0,0,0,0,0,0,0
Wed Aug 31 2022,0,0,0,0,0,0,0,0,0,0,0,0
Thu Sep 01 2022,0,0,0,0,0,0,0,0,0,0,0,0
Fri Sep 02 2022,0,0,0,0,0,0,0,0,0,0,0,0
Sat Sep 03 2022,0,0,0,0,0,0,0,0,0,0,0,0
Sun Sep 04 2022,0,0,0,0,0,0,0,0,0,0,0,0
Mon Sep 05 2022,0,0,0,0,0,0,0,0,0,0,0,0
Tue Sep 06 2022,0,0,0,0,0,0,0,0,0,0,0,0
Wed Sep 07 2022,0,0,0,0,0,0,0,0,0,0,0,0
Thu Sep 08 2022,0,0,0,0,0,0,0,0,0,0,0,0
Fri Sep 09 2022,0,0,0,0,0,0,0,0,0,0,0,0
Sat Sep 10 2022,0,0,0,0,0,0,0,0,0,0,0,0
Sun Sep 11 2022,0,0,0,0,0,0,0,0,0,0,0,0
Mon Sep 12 2022,0,0,0,0,0,0,0,0,0,0,0,0
Tue Sep 13 2022,0,0,0,0,0,0,0,0,0,0,0,0
Wed Sep 14 2022,0,0,0,0,0,0,0,0,0,0,0,0
Thu Sep 15 2022,0,0,0,0,0,0,0,0,0,0,0,0
Fri Sep 16 2022,0,0,0,0,0,0,0,0,0,0,0,0
Sat Sep 17 2022,0,0,0,0,0,0,0,0,0,0,0,0
Sun Sep 18 2022,0,0,0,0,0,0,0,0,0,0,0,0
Mon Sep 19 2022,0,0,0,0,0,0,0,0,0,0,0,0
Tue Sep 20 2022,0,0,0,0,0,0,0,0,0,0,0,0
Wed Sep 21 2022,0,0,0,0,0,0,0,0,0,0,0,0
Thu Sep 22 2022,0,0,0,0,0,0,0,0,0,0,0,0
Fri Sep 23 2022,0,0,0,0,0,0,0,0,0,0,0,0
Sat Sep 24 2022,0,0,0,0,0,0,0,0,0,0,0,0
Sun Sep 25 2022,0,0,0,0,0,0,0,0,0,0,0,0
Mon Sep 26 2022,0,0,0,0,0,0,0,0,0,0,0,0
Tue Sep 27 2022,0,0,0,0,0,0,0,0,0,0,0,0
Wed Sep 28 2022,0,0,0,0,0,0,0,0,0,0,0,0
Thu Sep 29 2022,0,0,0,0,0,0,0,0,0,0,0,0
Fri Sep 30 2022,0,0,0,0,0,0,0,0,0,0,0,0
Sat Oct 01 2022,0,0,0,0,0,0,0,0,0,0,0,0
Sun Oct 02 2022,0,0,0,0,0,0,0,0,0,0,0,0
Mon Oct 03 2022,0,0,0,0,0,0,0,0,0,0,0,0
Tue Oct 04 2022,0,0,0,0,0,0,0,0,0,0,0,0
Wed Oct 05 2022,0,0,0,0,0,0,0,0,0,0,0,0
Thu Oct 06 2022,0,0,0,0,0,0,0,0,0,0,0,0
Fri Oct 07 2022,0,0,0,0,0,0,0,0,0,0,0,0
Sat Oct 08 2022,0,0,0,0,0,0,0,0,0,0,0,0
Sun Oct 09 2022,0,0,0,0,0,0,0,0,0,0,0,0
Mon Oct 10 2022,0,0,0,0,0,0,0,0,0,0,0,0
Tue Oct 11 2022,0,0,0,0,0,0,0,0,0,0,0,0
Wed Oct 12 2022,0,0,0,0,0,0,0,0,0,0,0,0
Thu Oct 13 2022,0,0,0,0,0,0,0,0,0,0,0,0
Fri Oct 14 2022,0,0,0,0,0,0,0,0,0,0,0,0
Sat Oct 15 2022,0,0,0,0,0,0,0,0,0,0,0,0
Sun Oct 16 2022,0,0,0,0,0,0,0,0,0,0,0,0
Mon Oct 17 2022,0,0,0,0,0,0,0,0,0,0,0,0
Tue Oct 18 2022,0,0,0,0,0,0,0,0,0,0,0,0
Wed Oct 19 2022,0,0,0,0,0,0,0,0,0,0,0,0
Thu Oct 20 2022,0,0,0,0,0,0,0,0,0,0,0,0
Fri Oct 21 2022,0,0,0,0,0,0,0,0,0,0,0,0
Sat Oct 22 2022,0,0,0,0,0,0,0,0,0,0,0,0
Sun Oct 23 2022,0,0,0,0,0,0,0,0,0,0,0,0
Mon Oct 24 2022,0,0,0,0,0,0,0,0,0,0,0,0
Tue Oct 25 2022,0,0,0,0,0,0,0,0,0,0,0,0
Wed Oct 26 2022,0,0,0,0,0,0,0,0,0,0,0,0
Thu Oct 27 2022,0,0,0,0,0,0,0,0,0,0,0,0
Fri Oct 28 2022,0,0,0,0,0,0,0,0,0,0,0,0
Sat Oct 29 2022,0,0,0,0,0,0,0,0,0,0,0,0
Sun Oct 30 2022,0,0,0,0,0,0,0,0,0,0,0,0
Mon Oct 31 2022,0,0,0,0,0,0,0,0,0,0,0,0
Tue Nov 01 2022,0,0,0,0,0,0,0,0,0,0,0,0
Wed Nov 02 2022,0,0,0,0,0,0,0,0,0,0,0,0
Thu Nov 03 2022,0,0,0,0,0,0,0,0,0,0,0,0
Fri Nov 04 2022,0,0,0,0,0,0,0,0,0,0,0,0
Sat Nov 05 2022,0,0,0,0,0,0,0,0,0,0,0,0
Sun Nov 06 2022,0,0,0,0,0,0,0,0,0,0,0,0
Mon Nov 07 2022,0,0,0,0,0,0,0,0,0,0,0,0
Tue Nov 08 2022,0,0,0,0,0,0,0,0,0,0,0,0
Wed Nov 09 2022,0,0,0,0,0,0,0,0,0,0,0,0
Thu Nov 10 2022,0,0,0,0,0,0,0,0,0,0,0,0
Fri Nov 11 2022,0,0,0,0,0,0,0,0,0,0,0,0
Sat Nov 12 2022,0,0,0,0,0,0,0,0,0,0,0,0
Sun Nov 13 2022,0,0,0,0,0,0,0,0,0,0,0,0
Mon Nov 14 2022,0,0,0,0,0,0,0,0,0,0,0,0
Tue Nov 15 2022,0,0,0,0,0,0,0,0,0,0,0,0
Wed Nov 16 2022,0,0,0,0,0,0,0,0,0,0,0,0
Thu Nov 17 2022,0,0,0,0,0,0,0,0,0,0,0,0
Fri Nov 18 2022,0,0,0,0,0,0,0,0,0,0,0,0
Sat Nov 19 2022,0,0,0,0,0,0,0,0,0,0,0,0
Sun Nov 20 2022,0,0,0,0,0,0,0,0,0,0,0,0
Mon Nov 21 2022,0,0,0,0,0,0,0,0,0,0,0,0
Tue Nov 22 2022,0,0,0,0,0,0,0,0,0,0,0,0
Wed Nov 23 2022,0,0,0,0,0,0,0,0,0,0,0,0
Thu Nov 24 2022,0,0,0,0,0,0,0,0,0,0,0,0
Fri Nov 25 2022,0,0,0,0,0,0,0,0,0,0,0,0
Sat Nov 26 2022,0,0,0,0,0,0,0,0,0,0,0,0
Sun Nov 27 2022,0,0,0,0,0,0,0,0,0,0,0,0
Mon Nov 28 2022,0,0,0,0,0,0,0,0,0,0,0,0
Tue Nov 29 2022,0,0,0,0,0,0,0,0,0,0,0,0
Wed Nov 30 2022,0,0,0,0,0,0,0,0,0,0,0,0
Thu Dec 01 2022,0,0,0,0,0,0,0,0,0,0,0,0
Fri Dec 02 2022,0,0,0,0,0,0,0,0,0,0,0,0
Sat Dec 03 2022,0,0,0,0,0,0,0,0,0,0,0,0
Sun Dec 04 2022,0,0,0,0,0,0,0,0,0,0,0,0
Mon Dec 05 2022,0,0,0,0,0,0,0,0,0,0,0,0
Tue Dec 06 2022,0,0,0,0,0,0,0,0,0,0,0,0
Wed Dec 07 2022,0,0,0,0,0,0,0,0,0,0,0,0
Thu Dec 08 2022,0,0,0,0,0,0,0,0,0,0,0,0
Fri Dec 09 2022,0,0,0,0,0,0,0,0,0,0,0,0
Sat Dec 10 2022,0,0,0,0,0,0,0,0,0,0,0,0
Sun Dec 11 2022,0,0,0,0,0,0,0,0,0,0,0,0
Mon Dec 12 2022,0,0,0,0,0,0,0,0,0,0,0,0
Tue Dec 13 2022,0,0,0,0,0,0,0,0,0,0,0,0
Wed Dec 14 2022,0,0,0,0,0,0,0,0,0,0,0,0
Thu Dec 15 2022,0,0,0,0,0,0,0,0,0,0,0,0
Fri Dec 16 2022,0,0,0,0,0,0,0,0,0,0,0,0
Sat Dec 17 2022,0,0,0,0,0,0,0,0,0,0,0,0
Sun Dec 18 2022,0,0,0,0,0,0,0,0,0,0,0,0
Mon Dec 19 2022,0,0,0,0,0,0,0,0,0,0,0,0
Tue Dec 20 2022,0,0,0,0,0,0,0,0,0,0,0,0
Wed Dec 21 2022,0,0,0,0,0,0,0,0,0,0,0,0
Thu Dec 22 2022,0,0,0,0,0,0,0,0,0,0,0,0
Fri Dec 23 2022,0,0,0,0,0,0,0,0,0,0,0,0
Sat Dec 24 2022,0,0,0,0,0,0,0,0,0,0,0,0
Sun Dec 25 2022,0,0,0,0,0,0,0,0,0,0,0,0
Mon Dec 26 2022,0,0,0,0,0,0,0,0,0,0,0,0
Tue Dec 27 2022,0,0,0,0,0,0,0,0,0,0,0,0
Wed Dec 28 2022,0,0,0,0,0,0,0,0,0,0,0,0
Thu Dec 29 2022,0,0,0,0,0,0,0,0,0,0,0,0
Fri Dec 30 2022,24,5,0.17,0,0,142,6,3,0,0,0,0
Sat Dec 31 2022,0,0,0,0,0,0,0,0,0,0,0,0
Sun Jan 01 2023,0,0,0,0,0,0,0,0,0,0,0,0
Mon Jan 02 2023,0,0,0,0,0,0,0,0,0,0,0,0
Tue Jan 03 2023,22,7,0.15,0,1,144,7,3,0,2,0,0
Wed Jan 04 2023,203,12,0.38,1,2,542,39,3,0,5,0,0
Thu Jan 05 2023,25,3,0.11,0,1,221,6,1,0,4,0,0
Fri Jan 06 2023,61,11,0.07,1,1,840,24,4,0,2,0,0
Sat Jan 07 2023,4,1,0.06,0,0,67,2,1,0,0,0,0
Sun Jan 08 2023,0,0,0,0,0,0,0,0,0,0,0,0
Mon Jan 09 2023,0,0,0,0,0,0,0,0,0,0,0,0
Tue Jan 10 2023,0,0,0,0,0,0,0,0,0,0,0,0
Wed Jan 11 2023,0,0,0,0,0,0,0,0,0,0,0,0
Thu Jan 12 2023,0,0,0,0,0,0,0,0,0,0,0,0
Fri Jan 13 2023,0,0,0,0,0,0,0,0,0,0,0,0
Sat Jan 14 2023,0,0,0,0,0,0,0,0,0,0,0,0
Sun Jan 15 2023,0,0,0,0,0,0,0,0,0,0,0,0
Mon Jan 16 2023,0,0,0,0,0,0,0,0,0,0,0,0
Tue Jan 17 2023,0,0,0,0,0,0,0,0,0,0,0,0
Wed Jan 18 2023,0,0,0,0,0,0,0,0,0,0,0,0
Thu Jan 19 2023,0,0,0,0,0,0,0,0,0,0,0,0
Fri Jan 20 2023,104,6,0.7,0,1,149,13,1,0,6,0,0
Sat Jan 21 2023,13,4,0.08,0,1,156,4,1,0,4,0,1
Sun Jan 22 2023,0,0,0,0,0,0,0,0,0,0,0,0
Mon Jan 23 2023,0,0,0,0,0,0,0,0,0,0,0,0
Tue Jan 24 2023,0,0,0,0,0,0,0,0,0,0,0,0
Wed Jan 25 2023,0,0,0,0,0,0,0,0,0,0,0,0
Thu Jan 26 2023,0,0,0,0,0,0,0,0,0,0,0,0
Fri Jan 27 2023,0,0,0,0,0,0,0,0,0,0,0,0
Sat Jan 28 2023,0,0,0,0,0,0,0,0,0,0,0,0
Sun Jan 29 2023,0,0,0,0,0,0,0,0,0,0,0,0
Mon Jan 30 2023,0,0,0,0,0,0,0,0,0,0,0,0
Tue Jan 31 2023,0,0,0,0,0,0,0,0,0,0,0,0
Wed Feb 01 2023,0,0,0,0,0,0,0,0,0,0,0,0
Thu Feb 02 2023,0,0,0,0,0,0,0,0,0,0,0,0
Fri Feb 03 2023,0,0,0,1,0,0,0,0,0,0,0,0
Sat Feb 04 2023,0,0,0,0,0,0,0,0,0,0,0,0
Sun Feb 05 2023,0,0,0,0,0,0,0,0,0,0,0,0
Mon Feb 06 2023,0,0,0,0,0,0,0,0,0,0,0,0
Tue Feb 07 2023,0,0,0,0,0,0,0,0,0,0,0,0
Wed Feb 08 2023,0,0,0,0,0,0,0,0,0,0,0,0
Thu Feb 09 2023,0,0,0,0,0,0,0,0,0,0,0,0
Fri Feb 10 2023,0,0,0,0,0,0,0,0,0,0,0,0
Sat Feb 11 2023,0,0,0,0,0,0,0,0,0,0,0,0
Sun Feb 12 2023,0,0,0,0,0,0,0,0,0,0,0,0
Mon Feb 13 2023,0,0,0,0,0,0,0,0,0,0,0,0
Tue Feb 14 2023,0,0,0,0,0,0,0,0,0,0,0,0
Wed Feb 15 2023,0,0,0,0,0,0,0,0,0,0,0,0
Thu Feb 16 2023,0,0,0,0,0,0,0,0,0,0,0,0
Fri Feb 17 2023,33,9,0.1,1,4,343,16,2,0,5,0,0
Sat Feb 18 2023,11,5,0.05,0,1,203,11,1,0,1,0,0
Sun Feb 19 2023,22,9,0.1,0,0,212,9,1,0,0,0,0
Mon Feb 20 2023,105,6,0.26,1,0,397,41,2,0,0,0,0
Tue Feb 21 2023,70,13,0.16,0,4,441,20,2,0,10,0,0